0.000000,0.000000000000000000e+00,0.000000000000000000e+00,7.594907452582463359e-01,1.000000000000000000e+00,0.000000000000000000e+00,0.000000000000000000e+00,0.000000000000000000e+00,-3.119999999999999996e-01,0.000000000000000000e+00,0.000000000000000000e+00,6.690000000000000391e-01,-3.629999999999999893e-01,0.000000000000000000e+00,-3.119999999999999996e-01,0.000000000000000000e+00,0.000000000000000000e+00,6.690000000000000391e-01,-3.629999999999999893e-01,0.000000000000000000e+00,0.000000000000000000e+00,0.000000000000000000e+00,0.000000000000000000e+00,2.000000000000000111e-01,2.000000000000000111e-01,0.000000000000000000e+00,5.999999999999999778e-01,0.000000000000000000e+00,0.000000000000000000e+00,0.000000000000000000e+00,2.000000000000000111e-01,-2.000000000000000111e-01,0.000000000000000000e+00,5.999999999999999778e-01,0.000000000000000000e+00,0.000000000000000000e+00,0.000000000000000000e+00
0.010000,0.000000000000000000e+00,0.000000000000000000e+00,7.594907452582463359e-01,1.000000000000000000e+00,0.000000000000000000e+00,0.000000000000000000e+00,0.000000000000000000e+00,-3.119999999999999996e-01,0.000000000000000000e+00,0.000000000000000000e+00,6.690000000000000391e-01,-3.629999999999999893e-01,0.000000000000000000e+00,-3.119999999999999996e-01,0.000000000000000000e+00,0.000000000000000000e+00,6.690000000000000391e-01,-3.629999999999999893e-01,0.000000000000000000e+00,2.906038187466368494e-02,-1.278775983815822956e-02,-1.345417973094720741e-02,2.404643026842128439e-01,2.195806302858075432e-01,-6.368196539034779932e-03,6.004627166684198825e-01,7.760740121015758525e-03,-2.859646303630088149e-02,-1.943888031672953362e-02,2.000000000000000111e-01,-2.000000000000000111e-01,0.000000000000000000e+00,5.999999999999999778e-01,0.000000000000000000e+00,0.000000000000000000e+00,0.000000000000000000e+00
0.020000,0.000000000000000000e+00,0.000000000000000000e+00,7.594907452582463359e-01,1.000000000000000000e+00,0.000000000000000000e+00,0.000000000000000000e+00,0.000000000000000000e+00,-3.119999999999999996e-01,0.000000000000000000e+00,0.000000000000000000e+00,6.690000000000000391e-01,-3.629999999999999893e-01,0.000000000000000000e+00,-3.119999999999999996e-01,0.000000000000000000e+00,0.000000000000000000e+00,6.690000000000000391e-01,-3.629999999999999893e-01,0.000000000000000000e+00,6.082023211766143106e-02,-3.109222333013204193e-02,-2.990856511934072981e-02,2.847917289157507748e-01,2.470443678926102504e-01,-1.303098576110557107e-02,6.013160936393474598e-01,1.961210644316648682e-02,-6.425030651804697346e-02,-3.993917066961394369e-02,2.000000000000000111e-01,-2.000000000000000111e-01,0.000000000000000000e+00,5.999999999999999778e-01,0.000000000000000000e+00,0.000000000000000000e+00,0.000000000000000000e+00
0.030000,0.000000000000000000e+00,0.000000000000000000e+00,7.594907452582463359e-01,1.000000000000000000e+00,0.000000000000000000e+00,0.000000000000000000e+00,0.000000000000000000e+00,-3.119999999999999996e-01,0.000000000000000000e+00,0.000000000000000000e+00,6.690000000000000391e-01,-3.629999999999999893e-01,0.000000000000000000e+00,-3.119999999999999996e-01,0.000000000000000000e+00,0.000000000000000000e+00,6.690000000000000391e-01,-3.629999999999999893e-01,0.000000000000000000e+00,9.269882140458902964e-02,-5.199331542859397803e-02,-4.705358433055464862e-02,3.277111410367541389e-01,2.790691664659574744e-01,-1.700502202988214695e-02,6.030914901670036965e-01,3.078745840779263318e-02,-1.001917371894815167e-01,-6.102417980679353260e-02,2.000000000000000111e-01,-2.000000000000000111e-01,0.000000000000000000e+00,5.999999999999999778e-01,0.000000000000000000e+00,0.000000000000000000e+00,0.000000000000000000e+00
0.040000,0.000000000000000000e+00,0.000000000000000000e+00,7.594907452582463359e-01,1.000000000000000000e+00,0.000000000000000000e+00,0.000000000000000000e+00,0.000000000000000000e+00,-3.119999999999999996e-01,0.000000000000000000e+00,0.000000000000000000e+00,6.690000000000000391e-01,-3.629999999999999893e-01,0.000000000000000000e+00,-3.119999999999999996e-01,0.000000000000000000e+00,0.000000000000000000e+00,6.690000000000000391e-01,-3.629999999999999893e-01,0.000000000000000000e+00,1.242906483769303932e-01,-7.469708816468383084e-02,-6.465296972262063457e-02,3.687517759169248732e-01,3.149311025808192444e-01,-1.801892434455239222e-02,6.057913024547727510e-01,4.046545667335181562e-02,-1.354667901520374973e-01,-8.297331765371787626e-02,2.000000000000000111e-01,-2.000000000000000111e-01,0.000000000000000000e+00,5.999999999999999778e-01,0.000000000000000000e+00,0.000000000000000000e+00,0.000000000000000000e+00
0.050000,0.000000000000000000e+00,0.000000000000000000e+00,7.594907452582463359e-01,1.000000000000000000e+00,0.000000000000000000e+00,0.000000000000000000e+00,0.000000000000000000e+00,-3.119999999999999996e-01,0.000000000000000000e+00,0.000000000000000000e+00,6.690000000000000391e-01,-3.629999999999999893e-01,0.000000000000000000e+00,-3.119999999999999996e-01,0.000000000000000000e+00,0.000000000000000000e+00,6.690000000000000391e-01,-3.629999999999999893e-01,0.000000000000000000e+00,1.554584671492053594e-01,-9.888019458149023555e-02,-8.269238922438543193e-02,4.079809327456340173e-01,3.543284284334140555e-01,-1.606422212244245154e-02,6.094002784333774070e-01,4.834508868578337587e-02,-1.699483180627772982e-01,-1.060416563945595220e-01,2.000000000000000111e-01,-2.000000000000000111e-01,0.000000000000000000e+00,5.999999999999999778e-01,0.000000000000000000e+00,0.000000000000000000e+00,0.000000000000000000e+00
0.060000,0.000000000000000000e+00,0.000000000000000000e+00,7.594907452582463359e-01,1.000000000000000000e+00,0.000000000000000000e+00,0.000000000000000000e+00,0.000000000000000000e+00,-3.119999999999999996e-01,0.000000000000000000e+00,0.000000000000000000e+00,6.690000000000000391e-01,-3.629999999999999893e-01,0.000000000000000000e+00,-3.119999999999999996e-01,0.000000000000000000e+00,0.000000000000000000e+00,6.690000000000000391e-01,-3.629999999999999893e-01,0.000000000000000000e+00,1.861022742187358747e-01,-1.243426627592644912e-01,-1.011536970716156447e-01,4.455405200878167493e-01,3.970421526977138127e-01,-1.116939370970646342e-02,6.139330761103881651e-01,5.421573414427518361e-02,-2.036629222149672902e-01,-1.304498260431257439e-01,2.000000000000000111e-01,-2.000000000000000111e-01,0.000000000000000000e+00,5.999999999999999778e-01,0.000000000000000000e+00,0.000000000000000000e+00,0.000000000000000000e+00
0.070000,0.000000000000000000e+00,0.000000000000000000e+00,7.594907452582463359e-01,1.000000000000000000e+00,0.000000000000000000e+00,0.000000000000000000e+00,0.000000000000000000e+00,-3.119999999999999996e-01,0.000000000000000000e+00,0.000000000000000000e+00,6.690000000000000391e-01,-3.629999999999999893e-01,0.000000000000000000e+00,-3.119999999999999996e-01,0.000000000000000000e+00,0.000000000000000000e+00,6.690000000000000391e-01,-3.629999999999999893e-01,0.000000000000000000e+00,2.161365176946981326e-01,-1.509507813525202691e-01,-1.199990964193412141e-01,4.815907328280433219e-01,4.428902708233539154e-01,-3.375435330888102922e-03,6.194428971108510984e-01,5.790450256736769802e-02,-2.366883683896856549e-01,-1.563913742614276570e-01,2.000000000000000111e-01,-2.000000000000000111e-01,0.000000000000000000e+00,5.999999999999999778e-01,0.000000000000000000e+00,0.000000000000000000e+00,0.000000000000000000e+00
0.080000,0.000000000000000000e+00,0.000000000000000000e+00,7.594907452582463359e-01,1.000000000000000000e+00,0.000000000000000000e+00,0.000000000000000000e+00,0.000000000000000000e+00,-3.119999999999999996e-01,0.000000000000000000e+00,0.000000000000000000e+00,6.690000000000000391e-01,-3.629999999999999893e-01,0.000000000000000000e+00,-3.119999999999999996e-01,0.000000000000000000e+00,0.000000000000000000e+00,6.690000000000000391e-01,-3.629999999999999893e-01,0.000000000000000000e+00,2.454916211769924972e-01,-1.786256680528418017e-01,-1.391816349549670206e-01,5.162979632353164039e-01,4.917253494246456302e-01,7.271699854743718036e-03,6.260253385619074518e-01,5.926847708646830470e-02,-2.691246350592585435e-01,-1.840389246796641509e-01,2.000000000000000111e-01,-2.000000000000000111e-01,0.000000000000000000e+00,5.999999999999999778e-01,0.000000000000000000e+00,0.000000000000000000e+00,0.000000000000000000e+00
0.090000,0.000000000000000000e+00,0.000000000000000000e+00,7.594907452582463359e-01,1.000000000000000000e+00,0.000000000000000000e+00,0.000000000000000000e+00,0.000000000000000000e+00,-3.119999999999999996e-01,0.000000000000000000e+00,0.000000000000000000e+00,6.690000000000000391e-01,-3.629999999999999893e-01,0.000000000000000000e+00,-3.119999999999999996e-01,0.000000000000000000e+00,0.000000000000000000e+00,6.690000000000000391e-01,-3.629999999999999893e-01,0.000000000000000000e+00,2.741168237828264798e-01,-2.073359447190504246e-01,-1.586556947827488517e-01,5.498288645402860109e-01,5.434373992716367008e-01,2.072676106657957498e-02,6.338198070549057039e-01,5.819061499563654011e-02,-3.010773530475743254e-01,-2.135537745818593958e-01,2.000000000000000111e-01,-2.000000000000000111e-01,0.000000000000000000e+00,5.999999999999999778e-01,0.000000000000000000e+00,0.000000000000000000e+00,0.000000000000000000e+00
0.100000,0.000000000000000000e+00,0.000000000000000000e+00,7.594907452582463359e-01,1.000000000000000000e+00,0.000000000000000000e+00,0.000000000000000000e+00,0.000000000000000000e+00,-3.119999999999999996e-01,0.000000000000000000e+00,0.000000000000000000e+00,6.690000000000000391e-01,-3.629999999999999893e-01,0.000000000000000000e+00,-3.119999999999999996e-01,0.000000000000000000e+00,0.000000000000000000e+00,6.690000000000000391e-01,-3.629999999999999893e-01,0.000000000000000000e+00,3.019816547677325880e-01,-2.370905086780006887e-01,-1.783841373887142812e-01,5.823461378743870487e-01,5.979572770915824176e-01,3.695027498853413472e-02,6.430100421924734855e-01,5.457531137618957390e-02,-3.326466222549868124e-01,-2.450982229849511529e-01,2.000000000000000111e-01,-2.000000000000000111e-01,0.000000000000000000e+00,5.999999999999999778e-01,0.000000000000000000e+00,0.000000000000000000e+00,0.000000000000000000e+00
0.110000,0.000000000000000000e+00,0.000000000000000000e+00,7.594907452582463359e-01,1.000000000000000000e+00,0.000000000000000000e+00,0.000000000000000000e+00,0.000000000000000000e+00,-3.119999999999999996e-01,0.000000000000000000e+00,0.000000000000000000e+00,6.690000000000000391e-01,-3.629999999999999893e-01,0.000000000000000000e+00,-3.119999999999999996e-01,0.000000000000000000e+00,0.000000000000000000e+00,6.690000000000000391e-01,-3.629999999999999893e-01,0.000000000000000000e+00,3.290760469264609744e-01,-2.679324324701714000e-01,-1.983426342619785954e-01,6.140050409305226609e-01,6.552606324798724291e-01,5.591337816522413268e-02,6.538253144452280674e-01,4.834416482064595594e-02,-3.639198286282061545e-01,-2.788492533358445380e-01,2.000000000000000111e-01,-2.000000000000000111e-01,0.000000000000000000e+00,5.999999999999999778e-01,0.000000000000000000e+00,0.000000000000000000e+00,0.000000000000000000e+00
0.120000,0.000000000000000000e+00,0.000000000000000000e+00,7.594907452582463359e-01,1.000000000000000000e+00,0.000000000000000000e+00,0.000000000000000000e+00,0.000000000000000000e+00,-3.119999999999999996e-01,0.000000000000000000e+00,0.000000000000000000e+00,6.690000000000000391e-01,-3.629999999999999893e-01,0.000000000000000000e+00,-3.119999999999999996e-01,0.000000000000000000e+00,0.000000000000000000e+00,6.690000000000000391e-01,-3.629999999999999893e-01,0.000000000000000000e+00,3.554094374173983328e-01,-2.999349773557577481e-01,-2.185223051375621284e-01,6.449499449021018904e-01,7.153730594161717971e-01,7.760265979294822536e-02,6.665435711970062460e-01,3.943283909803006748e-02,-3.949673520651817982e-01,-3.150129233493205727e-01,2.000000000000000111e-01,-2.000000000000000111e-01,0.000000000000000000e+00,5.999999999999999778e-01,0.000000000000000000e+00,0.000000000000000000e+00,0.000000000000000000e+00
0.130000,0.000000000000000000e+00,0.000000000000000000e+00,7.594907452582463359e-01,1.000000000000000000e+00,0.000000000000000000e+00,0.000000000000000000e+00,0.000000000000000000e+00,-3.119999999999999996e-01,0.000000000000000000e+00,0.000000000000000000e+00,6.690000000000000391e-01,-3.629999999999999893e-01,0.000000000000000000e+00,-3.119999999999999996e-01,0.000000000000000000e+00,0.000000000000000000e+00,6.690000000000000391e-01,-3.629999999999999893e-01,0.000000000000000000e+00,3.810091461334403351e-01,-3.332002762514463257e-01,-2.389316823140585355e-01,6.753102126619334733e-01,7.783773138763609989e-01,1.020252707327092417e-01,6.814975835574902385e-01,2.778987652447692525e-02,-4.258401045659405693e-01,-3.538395743648289349e-01,2.000000000000000111e-01,-2.000000000000000111e-01,0.000000000000000000e+00,5.999999999999999778e-01,0.000000000000000000e+00,0.000000000000000000e+00,0.000000000000000000e+00
0.140000,0.000000000000000000e+00,0.000000000000000000e+00,7.594907452582463359e-01,1.000000000000000000e+00,0.000000000000000000e+00,0.000000000000000000e+00,0.000000000000000000e+00,-3.119999999999999996e-01,0.000000000000000000e+00,0.000000000000000000e+00,6.690000000000000391e-01,-3.629999999999999893e-01,0.000000000000000000e+00,-3.119999999999999996e-01,0.000000000000000000e+00,0.000000000000000000e+00,6.690000000000000391e-01,-3.629999999999999893e-01,0.000000000000000000e+00,4.059181450548811076e-01,-3.678610988951693250e-01,-2.595987827216414412e-01,7.051944550561636271e-01,8.444237769498174062e-01,1.292146029823552644e-01,6.990851630234828917e-01,1.337843587086666799e-02,-4.565680785342003389e-01,-3.956405247307334672e-01,2.000000000000000111e-01,-2.000000000000000111e-01,0.000000000000000000e+00,5.999999999999999778e-01,0.000000000000000000e+00,0.000000000000000000e+00,0.000000000000000000e+00
0.150000,0.000000000000000000e+00,0.000000000000000000e+00,7.594907452582463359e-01,1.000000000000000000e+00,0.000000000000000000e+00,0.000000000000000000e+00,0.000000000000000000e+00,-3.119999999999999996e-01,0.000000000000000000e+00,0.000000000000000000e+00,6.690000000000000391e-01,-3.629999999999999893e-01,0.000000000000000000e+00,-3.119999999999999996e-01,0.000000000000000000e+00,0.000000000000000000e+00,6.690000000000000391e-01,-3.629999999999999893e-01,0.000000000000000000e+00,4.301920885500896685e-01,-4.040862965943439189e-01,-2.805738482377684306e-01,7.346817824209058712e-01,9.137459227174659082e-01,1.592369147486873138e-01,7.197848491619042166e-01,-3.817669999958701876e-03,-4.871594687322665096e-01,-4.408072964126455995e-01,2.000000000000000111e-01,-2.000000000000000111e-01,0.000000000000000000e+00,5.999999999999999778e-01,0.000000000000000000e+00,0.000000000000000000e+00,0.000000000000000000e+00
0.160000,0.000000000000000000e+00,0.000000000000000000e+00,7.594907452582463359e-01,1.000000000000000000e+00,0.000000000000000000e+00,0.000000000000000000e+00,0.000000000000000000e+00,-3.119999999999999996e-01,0.000000000000000000e+00,0.000000000000000000e+00,6.690000000000000391e-01,-3.629999999999999893e-01,0.000000000000000000e+00,-3.119999999999999996e-01,0.000000000000000000e+00,0.000000000000000000e+00,6.690000000000000391e-01,-3.629999999999999893e-01,0.000000000000000000e+00,4.538951534822324718e-01,-4.420910442191779421e-01,-3.019331170171152823e-01,7.638078349475135864e-01,9.866835589244705718e-01,1.921993279828112244e-01,7.441792251371165401e-01,-2.378145122969455710e-02,-5.176004811539554051e-01,-4.898347279741892546e-01,2.000000000000000111e-01,-2.000000000000000111e-01,0.000000000000000000e+00,5.999999999999999778e-01,0.000000000000000000e+00,0.000000000000000000e+00,0.000000000000000000e+00
0.170000,0.000000000000000000e+00,0.000000000000000000e+00,7.594907452582463359e-01,1.000000000000000000e+00,0.000000000000000000e+00,0.000000000000000000e+00,0.000000000000000000e+00,-3.119999999999999996e-01,0.000000000000000000e+00,0.000000000000000000e+00,6.690000000000000391e-01,-3.629999999999999893e-01,0.000000000000000000e+00,-3.119999999999999996e-01,0.000000000000000000e+00,0.000000000000000000e+00,6.690000000000000391e-01,-3.629999999999999893e-01,0.000000000000000000e+00,4.770937832761135700e-01,-4.821539569444368012e-01,-3.237837336705061131e-01,7.925417760575516057e-01,1.063718352892631946e+00,2.282595558860810170e-01,7.729894304855242648e-01,-4.644010305060736199e-02,-5.478568343023300091e-01,-5.433496310155251363e-01,2.000000000000000111e-01,-2.000000000000000111e-01,0.000000000000000000e+00,5.999999999999999778e-01,0.000000000000000000e+00,0.000000000000000000e+00,0.000000000000000000e+00
0.180000,0.000000000000000000e+00,0.000000000000000000e+00,7.594907452582463359e-01,1.000000000000000000e+00,0.000000000000000000e+00,0.000000000000000000e+00,0.000000000000000000e+00,-3.119999999999999996e-01,0.000000000000000000e+00,0.000000000000000000e+00,6.690000000000000391e-01,-3.629999999999999893e-01,0.000000000000000000e+00,-3.119999999999999996e-01,0.000000000000000000e+00,0.000000000000000000e+00,6.690000000000000391e-01,-3.629999999999999893e-01,0.000000000000000000e+00,4.996543899043324743e-01,-5.200000000000000178e-01,-3.462970570491022970e-01,8.208341289149149178e-01,1.144592848036646959e+00,2.679453928109328253e-01,8.072703660267681602e-01,-7.142032486195690200e-02,-5.780325587571737422e-01,-6.021751506733835635e-01,2.000000000000000111e-01,-2.000000000000000111e-01,0.000000000000000000e+00,5.999999999999999778e-01,0.000000000000000000e+00,0.000000000000000000e+00,0.000000000000000000e+00
0.190000,0.000000000000000000e+00,0.000000000000000000e+00,7.594907452582463359e-01,1.000000000000000000e+00,0.000000000000000000e+00,0.000000000000000000e+00,0.000000000000000000e+00,-3.119999999999999996e-01,0.000000000000000000e+00,0.000000000000000000e+00,6.690000000000000391e-01,-3.629999999999999893e-01,0.000000000000000000e+00,-3.119999999999999996e-01,0.000000000000000000e+00,0.000000000000000000e+00,6.690000000000000391e-01,-3.629999999999999893e-01,0.000000000000000000e+00,4.495656002088351255e-01,-5.200000000000000178e-01,-4.848765784124317024e-01,8.757947212327962250e-01,1.210345214814234183e+00,3.021896554888416353e-01,9.367522182444826262e-01,-9.608054483668639068e-02,-6.340403292538840940e-01,-7.014543879527201931e-01,2.000000000000000111e-01,-2.000000000000000111e-01,0.000000000000000000e+00,5.999999999999999778e-01,0.000000000000000000e+00,0.000000000000000000e+00,0.000000000000000000e+00
0.200000,0.000000000000000000e+00,0.000000000000000000e+00,7.594907452582463359e-01,1.000000000000000000e+00,0.000000000000000000e+00,0.000000000000000000e+00,0.000000000000000000e+00,-3.119999999999999996e-01,0.000000000000000000e+00,0.000000000000000000e+00,6.690000000000000391e-01,-3.629999999999999893e-01,0.000000000000000000e+00,-3.119999999999999996e-01,0.000000000000000000e+00,0.000000000000000000e+00,6.690000000000000391e-01,-3.629999999999999893e-01,0.000000000000000000e+00,3.842234662725870220e-01,-5.200000000000000178e-01,-5.200000000000000178e-01,9.454178512145040569e-01,1.227050998521556524e+00,3.770191814727690827e-01,1.134007637811489833e+00,-1.396811991608498393e-01,-8.051099564180087542e-01,-7.569995133367930507e-01,2.000000000000000111e-01,-2.000000000000000111e-01,0.000000000000000000e+00,5.999999999999999778e-01,0.000000000000000000e+00,0.000000000000000000e+00,0.000000000000000000e+00
0.210000,0.000000000000000000e+00,0.000000000000000000e+00,7.594907452582463359e-01,1.000000000000000000e+00,0.000000000000000000e+00,0.000000000000000000e+00,0.000000000000000000e+00,-3.119999999999999996e-01,0.000000000000000000e+00,0.000000000000000000e+00,6.690000000000000391e-01,-3.629999999999999893e-01,0.000000000000000000e+00,-3.119999999999999996e-01,0.000000000000000000e+00,0.000000000000000000e+00,6.690000000000000391e-01,-3.629999999999999893e-01,0.000000000000000000e+00,3.901314164499370962e-01,-5.176854011994721505e-01,-5.200000000000000178e-01,9.465569768809931617e-01,1.227919347704862885e+00,3.829525598461117064e-01,1.134331450872177349e+00,-1.538581436152185178e-01,-8.070676531016934829e-01,-7.814537441666571382e-01,2.000000000000000111e-01,-2.000000000000000111e-01,0.000000000000000000e+00,5.999999999999999778e-01,0.000000000000000000e+00,0.000000000000000000e+00,0.000000000000000000e+00
0.220000,0.000000000000000000e+00,0.000000000000000000e+00,7.594907452582463359e-01,1.000000000000000000e+00,0.000000000000000000e+00,0.000000000000000000e+00,0.000000000000000000e+00,-3.119999999999999996e-01,0.000000000000000000e+00,0.000000000000000000e+00,6.690000000000000391e-01,-3.629999999999999893e-01,0.000000000000000000e+00,-3.119999999999999996e-01,0.000000000000000000e+00,0.000000000000000000e+00,6.690000000000000391e-01,-3.629999999999999893e-01,0.000000000000000000e+00,4.009783429896049411e-01,-4.991802228554981791e-01,-5.158483435580768495e-01,9.486842939808098896e-01,1.233519847652688517e+00,3.956711306787327742e-01,1.134630932715278595e+00,-1.825627392594067200e-01,-8.079484055225001349e-01,-8.313866601268274925e-01,2.000000000000000111e-01,-2.000000000000000111e-01,0.000000000000000000e+00,5.999999999999999778e-01,0.000000000000000000e+00,0.000000000000000000e+00,0.000000000000000000e+00
0.230000,0.000000000000000000e+00,0.000000000000000000e+00,7.594907452582463359e-01,1.000000000000000000e+00,0.000000000000000000e+00,0.000000000000000000e+00,0.000000000000000000e+00,-3.119999999999999996e-01,0.000000000000000000e+00,0.000000000000000000e+00,6.690000000000000391e-01,-3.629999999999999893e-01,0.000000000000000000e+00,-3.119999999999999996e-01,0.000000000000000000e+00,0.000000000000000000e+00,6.690000000000000391e-01,-3.629999999999999893e-01,0.000000000000000000e+00,4.100659749547841404e-01,-4.805360058211372576e-01,-5.114888565136823662e-01,9.506512384043765973e-01,1.240781742844915048e+00,4.074841239351938982e-01,1.135102369051416593e+00,-2.080875898754568909e-01,-8.064656673172900803e-01,-8.764163608808835937e-01,2.000000000000000111e-01,-2.000000000000000111e-01,0.000000000000000000e+00,5.999999999999999778e-01,0.000000000000000000e+00,0.000000000000000000e+00,0.000000000000000000e+00
0.240000,0.000000000000000000e+00,0.000000000000000000e+00,7.594907452582463359e-01,1.000000000000000000e+00,0.000000000000000000e+00,0.000000000000000000e+00,0.000000000000000000e+00,-3.119999999999999996e-01,0.000000000000000000e+00,0.000000000000000000e+00,6.690000000000000391e-01,-3.629999999999999893e-01,0.000000000000000000e+00,-3.119999999999999996e-01,0.000000000000000000e+00,0.000000000000000000e+00,6.690000000000000391e-01,-3.629999999999999893e-01,0.000000000000000000e+00,4.187707340912671938e-01,-4.627423291536398309e-01,-5.078883600411870924e-01,9.526923032534727609e-01,1.249797244461539947e+00,4.196484594148318092e-01,1.135910016865222749e+00,-2.331946083152121041e-01,-8.033681323175898559e-01,-9.212024166853444163e-01,2.000000000000000111e-01,-2.000000000000000111e-01,0.000000000000000000e+00,5.999999999999999778e-01,0.000000000000000000e+00,0.000000000000000000e+00,0.000000000000000000e+00
0.250000,0.000000000000000000e+00,0.000000000000000000e+00,7.594907452582463359e-01,1.000000000000000000e+00,0.000000000000000000e+00,0.000000000000000000e+00,0.000000000000000000e+00,-3.119999999999999996e-01,0.000000000000000000e+00,0.000000000000000000e+00,6.690000000000000391e-01,-3.629999999999999893e-01,0.000000000000000000e+00,-3.119999999999999996e-01,0.000000000000000000e+00,0.000000000000000000e+00,6.690000000000000391e-01,-3.629999999999999893e-01,0.000000000000000000e+00,4.272234845164344375e-01,-4.460123302069370910e-01,-5.051964431012295753e-01,9.548834465097474355e-01,1.260818832293132852e+00,4.324283102400643397e-01,1.137217000560029279e+00,-2.582535929993206580e-01,-7.986830194609255695e-01,-9.664721799863978946e-01,2.000000000000000111e-01,-2.000000000000000111e-01,0.000000000000000000e+00,5.999999999999999778e-01,0.000000000000000000e+00,0.000000000000000000e+00,0.000000000000000000e+00
0.260000,0.000000000000000000e+00,0.000000000000000000e+00,7.594907452582463359e-01,1.000000000000000000e+00,0.000000000000000000e+00,0.000000000000000000e+00,0.000000000000000000e+00,-3.119999999999999996e-01,0.000000000000000000e+00,0.000000000000000000e+00,6.690000000000000391e-01,-3.629999999999999893e-01,0.000000000000000000e+00,-3.119999999999999996e-01,0.000000000000000000e+00,0.000000000000000000e+00,6.690000000000000391e-01,-3.629999999999999893e-01,0.000000000000000000e+00,4.354320201083828890e-01,-4.304232181443317096e-01,-5.034462144404800998e-01,9.572584222089649542e-01,1.273980095362493792e+00,4.458790750437182093e-01,1.139155817157748274e+00,-2.832055620707141230e-01,-7.924101820470724755e-01,-1.012230487213453545e+00,2.000000000000000111e-01,-2.000000000000000111e-01,0.000000000000000000e+00,5.999999999999999778e-01,0.000000000000000000e+00,0.000000000000000000e+00,0.000000000000000000e+00
0.270000,0.000000000000000000e+00,0.000000000000000000e+00,7.594907452582463359e-01,1.000000000000000000e+00,0.000000000000000000e+00,0.000000000000000000e+00,0.000000000000000000e+00,-3.119999999999999996e-01,0.000000000000000000e+00,0.000000000000000000e+00,6.690000000000000391e-01,-3.629999999999999893e-01,0.000000000000000000e+00,-3.119999999999999996e-01,0.000000000000000000e+00,0.000000000000000000e+00,6.690000000000000391e-01,-3.629999999999999893e-01,0.000000000000000000e+00,4.433909034169299379e-01,-4.160302172762246342e-01,-5.026395402062167062e-01,9.598424836808349125e-01,1.289378730329222345e+00,4.600195020319099992e-01,1.141864691947222399e+00,-3.079190165089751852e-01,-7.845762272475186316e-01,-1.058356012086029363e+00,2.000000000000000111e-01,-2.000000000000000111e-01,0.000000000000000000e+00,5.999999999999999778e-01,0.000000000000000000e+00,0.000000000000000000e+00,0.000000000000000000e+00
0.280000,0.000000000000000000e+00,0.000000000000000000e+00,7.594907452582463359e-01,1.000000000000000000e+00,0.000000000000000000e+00,0.000000000000000000e+00,0.000000000000000000e+00,-3.119999999999999996e-01,0.000000000000000000e+00,0.000000000000000000e+00,6.690000000000000391e-01,-3.629999999999999893e-01,0.000000000000000000e+00,-3.119999999999999996e-01,0.000000000000000000e+00,0.000000000000000000e+00,6.690000000000000391e-01,-3.629999999999999893e-01,0.000000000000000000e+00,4.510941585351691541e-01,-4.028913649217880644e-01,-5.027627276581492222e-01,9.626608423670248715e-01,1.307112990539287312e+00,4.748679556437281901e-01,1.145499218678272202e+00,-3.322572685972133288e-01,-7.752345062003271892e-01,-1.104719257056894222e+00,2.000000000000000111e-01,-2.000000000000000111e-01,0.000000000000000000e+00,5.999999999999999778e-01,0.000000000000000000e+00,0.000000000000000000e+00,0.000000000000000000e+00
0.290000,0.000000000000000000e+00,0.000000000000000000e+00,7.594907452582463359e-01,1.000000000000000000e+00,0.000000000000000000e+00,0.000000000000000000e+00,0.000000000000000000e+00,-3.119999999999999996e-01,0.000000000000000000e+00,0.000000000000000000e+00,6.690000000000000391e-01,-3.629999999999999893e-01,0.000000000000000000e+00,-3.119999999999999996e-01,0.000000000000000000e+00,0.000000000000000000e+00,6.690000000000000391e-01,-3.629999999999999893e-01,0.000000000000000000e+00,4.585381219827560084e-01,-3.910735783929056297e-01,-5.037917825837359143e-01,9.657394662491469717e-01,1.327294765461860093e+00,4.904495795753240350e-01,1.150235240141013859e+00,-3.560917955556978653e-01,-7.644601324643718332e-01,-1.151210205673483644e+00,2.000000000000000111e-01,-2.000000000000000111e-01,0.000000000000000000e+00,5.999999999999999778e-01,0.000000000000000000e+00,0.000000000000000000e+00,0.000000000000000000e+00
0.300000,0.000000000000000000e+00,0.000000000000000000e+00,7.594907452582463359e-01,1.000000000000000000e+00,0.000000000000000000e+00,0.000000000000000000e+00,0.000000000000000000e+00,-3.119999999999999996e-01,0.000000000000000000e+00,0.000000000000000000e+00,6.690000000000000391e-01,-3.629999999999999893e-01,0.000000000000000000e+00,-3.119999999999999996e-01,0.000000000000000000e+00,0.000000000000000000e+00,6.690000000000000391e-01,-3.629999999999999893e-01,0.000000000000000000e+00,4.657231713779241833e-01,-3.806549437507653622e-01,-5.056958805288286340e-01,9.691034493526198279e-01,1.350057351570910225e+00,5.067971340009608250e-01,1.156270522756422059e+00,-3.793040188621200071e-01,-7.523445387135767604e-01,-1.197747534050645823e+00,2.000000000000000111e-01,-2.000000000000000111e-01,0.000000000000000000e+00,5.999999999999999778e-01,0.000000000000000000e+00,0.000000000000000000e+00,0.000000000000000000e+00
0.310000,0.000000000000000000e+00,0.000000000000000000e+00,7.594907452582463359e-01,1.000000000000000000e+00,0.000000000000000000e+00,0.000000000000000000e+00,0.000000000000000000e+00,-3.119999999999999996e-01,0.000000000000000000e+00,0.000000000000000000e+00,6.690000000000000391e-01,-3.629999999999999893e-01,0.000000000000000000e+00,-3.119999999999999996e-01,0.000000000000000000e+00,0.000000000000000000e+00,6.690000000000000391e-01,-3.629999999999999893e-01,0.000000000000000000e+00,4.726552735190796550e-01,-3.717268474937603373e-01,-5.084404701382292391e-01,9.727740899489819570e-01,1.375563512360307605e+00,5.239502776421026686e-01,1.163827779804017526e+00,-4.017833400769303398e-01,-7.389904418949232445e-01,-1.244283227927902580e+00,2.000000000000000111e-01,-2.000000000000000111e-01,0.000000000000000000e+00,5.999999999999999778e-01,0.000000000000000000e+00,0.000000000000000000e+00,0.000000000000000000e+00
0.320000,0.000000000000000000e+00,0.000000000000000000e+00,7.594907452582463359e-01,1.000000000000000000e+00,0.000000000000000000e+00,0.000000000000000000e+00,0.000000000000000000e+00,-3.119999999999999996e-01,0.000000000000000000e+00,0.000000000000000000e+00,6.690000000000000391e-01,-3.629999999999999893e-01,0.000000000000000000e+00,-3.119999999999999996e-01,0.000000000000000000e+00,0.000000000000000000e+00,6.690000000000000391e-01,-3.629999999999999893e-01,0.000000000000000000e+00,4.793474940935335549e-01,-3.643970705121049036e-01,-5.119900718361941605e-01,9.767644809244220294e-01,1.404015619050904329e+00,5.419541944224447461e-01,1.173160238561501645e+00,-4.234228809574925867e-01,-7.245077877628661733e-01,-1.290805711259139787e+00,2.000000000000000111e-01,-2.000000000000000111e-01,0.000000000000000000e+00,5.999999999999999778e-01,0.000000000000000000e+00,0.000000000000000000e+00,0.000000000000000000e+00
0.330000,0.000000000000000000e+00,0.000000000000000000e+00,7.594907452582463359e-01,1.000000000000000000e+00,0.000000000000000000e+00,0.000000000000000000e+00,0.000000000000000000e+00,-3.119999999999999996e-01,0.000000000000000000e+00,0.000000000000000000e+00,6.690000000000000391e-01,-3.629999999999999893e-01,0.000000000000000000e+00,-3.119999999999999996e-01,0.000000000000000000e+00,0.000000000000000000e+00,6.690000000000000391e-01,-3.629999999999999893e-01,0.000000000000000000e+00,4.858215481130939706e-01,-3.587944948231817088e-01,-5.163105596388710694e-01,9.810726854866184121e-01,1.435668968788794686e+00,5.608574451997221377e-01,1.184560732291014329e+00,-4.441130180254555526e-01,-7.090111525443651974e-01,-1.337342694323621739e+00,2.000000000000000111e-01,-2.000000000000000111e-01,0.000000000000000000e+00,5.999999999999999778e-01,0.000000000000000000e+00,0.000000000000000000e+00,0.000000000000000000e+00
0.340000,0.000000000000000000e+00,0.000000000000000000e+00,7.594907452582463359e-01,1.000000000000000000e+00,0.000000000000000000e+00,0.000000000000000000e+00,0.000000000000000000e+00,-3.119999999999999996e-01,0.000000000000000000e+00,0.000000000000000000e+00,6.690000000000000391e-01,-3.629999999999999893e-01,0.000000000000000000e+00,-3.119999999999999996e-01,0.000000000000000000e+00,0.000000000000000000e+00,6.690000000000000391e-01,-3.629999999999999893e-01,0.000000000000000000e+00,4.921094785959221340e-01,-3.550761380061180916e-01,-5.200000000000000178e-01,9.856706553912507607e-01,1.470849577695080290e+00,5.807083004688086136e-01,1.198375460815391147e+00,-4.637322022294382284e-01,-6.926190500171658382e-01,-1.383964698535277149e+00,2.000000000000000111e-01,-2.000000000000000111e-01,0.000000000000000000e+00,5.999999999999999778e-01,0.000000000000000000e+00,0.000000000000000000e+00,0.000000000000000000e+00
0.350000,0.000000000000000000e+00,0.000000000000000000e+00,7.594907452582463359e-01,1.000000000000000000e+00,0.000000000000000000e+00,0.000000000000000000e+00,0.000000000000000000e+00,-3.119999999999999996e-01,0.000000000000000000e+00,0.000000000000000000e+00,6.690000000000000391e-01,-3.629999999999999893e-01,0.000000000000000000e+00,-3.119999999999999996e-01,0.000000000000000000e+00,0.000000000000000000e+00,6.690000000000000391e-01,-3.629999999999999893e-01,0.000000000000000000e+00,4.993092975032566438e-01,-3.541642383709485142e-01,-5.200000000000000178e-01,9.900165708274515364e-01,1.509893588334010328e+00,6.022459772255908117e-01,1.214766010829528620e+00,-4.827616198607727060e-01,-6.763215737507113356e-01,-1.430762238890198157e+00,2.000000000000000111e-01,-2.000000000000000111e-01,0.000000000000000000e+00,5.999999999999999778e-01,0.000000000000000000e+00,0.000000000000000000e+00,0.000000000000000000e+00
0.360000,0.000000000000000000e+00,0.000000000000000000e+00,7.594907452582463359e-01,1.000000000000000000e+00,0.000000000000000000e+00,0.000000000000000000e+00,0.000000000000000000e+00,-3.119999999999999996e-01,0.000000000000000000e+00,0.000000000000000000e+00,6.690000000000000391e-01,-3.629999999999999893e-01,0.000000000000000000e+00,-3.119999999999999996e-01,0.000000000000000000e+00,0.000000000000000000e+00,6.690000000000000391e-01,-3.629999999999999893e-01,0.000000000000000000e+00,5.076745586277312539e-01,-3.563770862941976758e-01,-5.200000000000000178e-01,9.938663093741355592e-01,1.553391451938929357e+00,6.256173861142874104e-01,1.234237493202577918e+00,-5.011271445710538952e-01,-6.602557932466142088e-01,-1.478018362030987465e+00,2.000000000000000111e-01,-2.000000000000000111e-01,0.000000000000000000e+00,5.999999999999999778e-01,0.000000000000000000e+00,0.000000000000000000e+00,0.000000000000000000e+00
0.370000,0.000000000000000000e+00,0.000000000000000000e+00,7.594907452582463359e-01,1.000000000000000000e+00,0.000000000000000000e+00,0.000000000000000000e+00,0.000000000000000000e+00,-3.119999999999999996e-01,0.000000000000000000e+00,0.000000000000000000e+00,6.690000000000000391e-01,-3.629999999999999893e-01,0.000000000000000000e+00,-3.119999999999999996e-01,0.000000000000000000e+00,0.000000000000000000e+00,6.690000000000000391e-01,-3.629999999999999893e-01,0.000000000000000000e+00,5.168373870591138619e-01,-3.616128221216440841e-01,-5.200000000000000178e-01,9.971168122643258025e-01,1.602077491175670332e+00,6.504364368286345011e-01,1.257560449044282880e+00,-5.182413898732137758e-01,-6.440398136393935546e-01,-1.525994877456889443e+00,2.000000000000000111e-01,-2.000000000000000111e-01,0.000000000000000000e+00,5.999999999999999778e-01,0.000000000000000000e+00,0.000000000000000000e+00,0.000000000000000000e+00
0.380000,0.000000000000000000e+00,0.000000000000000000e+00,7.594907452582463359e-01,1.000000000000000000e+00,0.000000000000000000e+00,0.000000000000000000e+00,0.000000000000000000e+00,-3.119999999999999996e-01,0.000000000000000000e+00,0.000000000000000000e+00,6.690000000000000391e-01,-3.629999999999999893e-01,0.000000000000000000e+00,-3.119999999999999996e-01,0.000000000000000000e+00,0.000000000000000000e+00,6.690000000000000391e-01,-3.629999999999999893e-01,0.000000000000000000e+00,5.267684718530849519e-01,-3.701063126347696186e-01,-5.200000000000000178e-01,9.992779462228692511e-01,1.656875476809215320e+00,6.764121340678914684e-01,1.285594968378976688e+00,-5.335636192771473496e-01,-6.276370932160147964e-01,-1.574982970623184819e+00,2.000000000000000111e-01,-2.000000000000000111e-01,0.000000000000000000e+00,5.999999999999999778e-01,0.000000000000000000e+00,0.000000000000000000e+00,0.000000000000000000e+00
0.390000,0.000000000000000000e+00,0.000000000000000000e+00,7.594907452582463359e-01,1.000000000000000000e+00,0.000000000000000000e+00,0.000000000000000000e+00,0.000000000000000000e+00,-3.119999999999999996e-01,0.000000000000000000e+00,0.000000000000000000e+00,6.690000000000000391e-01,-3.629999999999999893e-01,0.000000000000000000e+00,-3.119999999999999996e-01,0.000000000000000000e+00,0.000000000000000000e+00,6.690000000000000391e-01,-3.629999999999999893e-01,0.000000000000000000e+00,5.375522167402647655e-01,-3.823133291919599830e-01,-5.200000000000000178e-01,9.993411895509571874e-01,1.718974848223126184e+00,7.030919999982090385e-01,1.319371981933630700e+00,-5.464096972490172233e-01,-6.111581005651220977e-01,-1.614430000000000032e+00,2.000000000000000111e-01,-2.000000000000000111e-01,0.000000000000000000e+00,5.999999999999999778e-01,0.000000000000000000e+00,0.000000000000000000e+00,0.000000000000000000e+00
0.400000,0.000000000000000000e+00,0.000000000000000000e+00,7.594907452582463359e-01,1.000000000000000000e+00,0.000000000000000000e+00,0.000000000000000000e+00,0.000000000000000000e+00,-3.119999999999999996e-01,0.000000000000000000e+00,0.000000000000000000e+00,6.690000000000000391e-01,-3.629999999999999893e-01,0.000000000000000000e+00,-3.119999999999999996e-01,0.000000000000000000e+00,0.000000000000000000e+00,6.690000000000000391e-01,-3.629999999999999893e-01,0.000000000000000000e+00,6.693270764637559989e-01,-5.155980789530765218e-01,-4.925585997427245344e-01,1.003787106989843192e+00,2.004232446001959378e+00,7.000241348965839938e-01,1.237017131467011755e+00,-6.214168100249753968e-01,-4.542926386280677353e-01,-1.614430000000000032e+00,2.000000000000000111e-01,-2.000000000000000111e-01,0.000000000000000000e+00,5.999999999999999778e-01,0.000000000000000000e+00,0.000000000000000000e+00,0.000000000000000000e+00
0.410000,0.000000000000000000e+00,0.000000000000000000e+00,7.594907452582463359e-01,1.000000000000000000e+00,0.000000000000000000e+00,0.000000000000000000e+00,0.000000000000000000e+00,-3.119999999999999996e-01,0.000000000000000000e+00,0.000000000000000000e+00,6.690000000000000391e-01,-3.629999999999999893e-01,0.000000000000000000e+00,-3.119999999999999996e-01,0.000000000000000000e+00,0.000000000000000000e+00,6.690000000000000391e-01,-3.629999999999999893e-01,0.000000000000000000e+00,6.718207614173010711e-01,-4.084945802639812218e-01,-4.920988400492233850e-01,1.121765228992656294e+00,1.878630212050610648e+00,6.502314420360701952e-01,1.035677868850382044e+00,-7.071630585946446779e-01,-3.818869294286454386e-01,-1.496027069157709999e+00,2.000000000000000111e-01,-2.000000000000000111e-01,0.000000000000000000e+00,5.999999999999999778e-01,0.000000000000000000e+00,0.000000000000000000e+00,0.000000000000000000e+00
0.420000,0.000000000000000000e+00,0.000000000000000000e+00,7.594907452582463359e-01,1.000000000000000000e+00,0.000000000000000000e+00,0.000000000000000000e+00,0.000000000000000000e+00,-3.119999999999999996e-01,0.000000000000000000e+00,0.000000000000000000e+00,6.690000000000000391e-01,-3.629999999999999893e-01,0.000000000000000000e+00,-3.119999999999999996e-01,0.000000000000000000e+00,0.000000000000000000e+00,6.690000000000000391e-01,-3.629999999999999893e-01,0.000000000000000000e+00,6.686147129982508153e-01,-3.086032307866494184e-01,-4.844684589118550821e-01,1.187887469566642373e+00,1.779651692855862777e+00,5.698641230247114553e-01,8.352421144854199619e-01,-7.775443036981148914e-01,-3.221860649004916199e-01,-1.340697219222189984e+00,2.000000000000000111e-01,-2.000000000000000111e-01,0.000000000000000000e+00,5.999999999999999778e-01,0.000000000000000000e+00,0.000000000000000000e+00,0.000000000000000000e+00
0.430000,0.000000000000000000e+00,0.000000000000000000e+00,7.594907452582463359e-01,1.000000000000000000e+00,0.000000000000000000e+00,0.000000000000000000e+00,0.000000000000000000e+00,-3.119999999999999996e-01,0.000000000000000000e+00,0.000000000000000000e+00,6.690000000000000391e-01,-3.629999999999999893e-01,0.000000000000000000e+00,-3.119999999999999996e-01,0.000000000000000000e+00,0.000000000000000000e+00,6.690000000000000391e-01,-3.629999999999999893e-01,0.000000000000000000e+00,6.641371589506844808e-01,-2.249758739175227451e-01,-4.685898108658829164e-01,1.214181022984230474e+00,1.713080099219045582e+00,4.943636263018607035e-01,6.590679742983124312e-01,-8.267437377861164283e-01,-2.745184355375757113e-01,-1.204643841979389007e+00,2.000000000000000111e-01,-2.000000000000000111e-01,0.000000000000000000e+00,5.999999999999999778e-01,0.000000000000000000e+00,0.000000000000000000e+00,0.000000000000000000e+00
0.440000,0.000000000000000000e+00,0.000000000000000000e+00,7.594907452582463359e-01,1.000000000000000000e+00,0.000000000000000000e+00,0.000000000000000000e+00,0.000000000000000000e+00,-3.119999999999999996e-01,0.000000000000000000e+00,0.000000000000000000e+00,6.690000000000000391e-01,-3.629999999999999893e-01,0.000000000000000000e+00,-3.119999999999999996e-01,0.000000000000000000e+00,0.000000000000000000e+00,6.690000000000000391e-01,-3.629999999999999893e-01,0.000000000000000000e+00,6.585832032502767497e-01,-1.547333785107951054e-01,-4.480268692407187725e-01,1.222231763149439043e+00,1.666232921625700580e+00,4.358589139882254604e-01,5.194877744357518923e-01,-8.638269449406434930e-01,-2.348506032096819296e-01,-1.095152443932599251e+00,2.000000000000000111e-01,-2.000000000000000111e-01,0.000000000000000000e+00,5.999999999999999778e-01,0.000000000000000000e+00,0.000000000000000000e+00,0.000000000000000000e+00
0.450000,0.000000000000000000e+00,0.000000000000000000e+00,7.594907452582463359e-01,1.000000000000000000e+00,0.000000000000000000e+00,0.000000000000000000e+00,0.000000000000000000e+00,-3.119999999999999996e-01,0.000000000000000000e+00,0.000000000000000000e+00,6.690000000000000391e-01,-3.629999999999999893e-01,0.000000000000000000e+00,-3.119999999999999996e-01,0.000000000000000000e+00,0.000000000000000000e+00,6.690000000000000391e-01,-3.629999999999999893e-01,0.000000000000000000e+00,6.483917969914262391e-01,-8.598902090878664251e-02,-4.239160034434394375e-01,1.221386863190092598e+00,1.624405508971636047e+00,3.815691503095476333e-01,3.862842797968387698e-01,-8.971997050007773922e-01,-2.003544768830834433e-01,-9.901292361569891121e-01,2.000000000000000111e-01,-2.000000000000000111e-01,0.000000000000000000e+00,5.999999999999999778e-01,0.000000000000000000e+00,0.000000000000000000e+00,0.000000000000000000e+00
0.460000,0.000000000000000000e+00,0.000000000000000000e+00,7.594907452582463359e-01,1.000000000000000000e+00,0.000000000000000000e+00,0.000000000000000000e+00,0.000000000000000000e+00,-3.119999999999999996e-01,0.000000000000000000e+00,0.000000000000000000e+00,6.690000000000000391e-01,-3.629999999999999893e-01,0.000000000000000000e+00,-3.119999999999999996e-01,0.000000000000000000e+00,0.000000000000000000e+00,6.690000000000000391e-01,-3.629999999999999893e-01,0.000000000000000000e+00,6.346799531709353959e-01,-2.060632731891642866e-02,-3.967298164823302442e-01,1.214429154243293008e+00,1.587749713064043444e+00,3.344837632658506643e-01,2.669574506152057602e-01,-9.282356961966630182e-01,-1.705156580945689226e-01,-8.939844784318877746e-01,2.000000000000000111e-01,-2.000000000000000111e-01,0.000000000000000000e+00,5.999999999999999778e-01,0.000000000000000000e+00,0.000000000000000000e+00,0.000000000000000000e+00
0.470000,0.000000000000000000e+00,0.000000000000000000e+00,7.594907452582463359e-01,1.000000000000000000e+00,0.000000000000000000e+00,0.000000000000000000e+00,0.000000000000000000e+00,-3.119999999999999996e-01,0.000000000000000000e+00,0.000000000000000000e+00,6.690000000000000391e-01,-3.629999999999999893e-01,0.000000000000000000e+00,-3.119999999999999996e-01,0.000000000000000000e+00,0.000000000000000000e+00,6.690000000000000391e-01,-3.629999999999999893e-01,0.000000000000000000e+00,6.177937284702597065e-01,4.221172599665390379e-02,-3.667462373773424100e-01,1.203199660351590650e+00,1.554982881434214148e+00,2.938961711020312007e-01,1.590588355153857714e-01,-9.588453635044102974e-01,-1.446388453402865648e-01,-8.063278714677436509e-01,2.000000000000000111e-01,-2.000000000000000111e-01,0.000000000000000000e+00,5.999999999999999778e-01,0.000000000000000000e+00,0.000000000000000000e+00,0.000000000000000000e+00
0.480000,0.000000000000000000e+00,0.000000000000000000e+00,7.594907452582463359e-01,1.000000000000000000e+00,0.000000000000000000e+00,0.000000000000000000e+00,0.000000000000000000e+00,-3.119999999999999996e-01,0.000000000000000000e+00,0.000000000000000000e+00,6.690000000000000391e-01,-3.629999999999999893e-01,0.000000000000000000e+00,-3.119999999999999996e-01,0.000000000000000000e+00,0.000000000000000000e+00,6.690000000000000391e-01,-3.629999999999999893e-01,0.000000000000000000e+00,6.003598812742296786e-01,9.809082990994472118e-02,-3.368959495612218191e-01,1.189821213189738325e+00,1.528051929090887162e+00,2.632701053754811227e-01,7.205313688222500512e-02,-9.878567979888839279e-01,-1.233909563426283523e-01,-7.360141135836956172e-01,2.000000000000000111e-01,-2.000000000000000111e-01,0.000000000000000000e+00,5.999999999999999778e-01,0.000000000000000000e+00,0.000000000000000000e+00,0.000000000000000000e+00
0.490000,0.000000000000000000e+00,0.000000000000000000e+00,7.594907452582463359e-01,1.000000000000000000e+00,0.000000000000000000e+00,0.000000000000000000e+00,0.000000000000000000e+00,-3.119999999999999996e-01,0.000000000000000000e+00,0.000000000000000000e+00,6.690000000000000391e-01,-3.629999999999999893e-01,0.000000000000000000e+00,-3.119999999999999996e-01,0.000000000000000000e+00,0.000000000000000000e+00,6.690000000000000391e-01,-3.629999999999999893e-01,0.000000000000000000e+00,5.752433680031074914e-01,1.631377268556306881e-01,-2.991042047423554395e-01,1.170025872406515566e+00,1.496714340195278270e+00,2.296942995742392857e-01,-2.596688167819330428e-02,-1.022500328046536344e+00,-1.024208350437018078e-01,-6.570034591808403546e-01,2.000000000000000111e-01,-2.000000000000000111e-01,0.000000000000000000e+00,5.999999999999999778e-01,0.000000000000000000e+00,0.000000000000000000e+00,0.000000000000000000e+00
0.500000,0.000000000000000000e+00,0.000000000000000000e+00,7.594907452582463359e-01,1.000000000000000000e+00,0.000000000000000000e+00,0.000000000000000000e+00,0.000000000000000000e+00,-3.119999999999999996e-01,0.000000000000000000e+00,0.000000000000000000e+00,6.690000000000000391e-01,-3.629999999999999893e-01,0.000000000000000000e+00,-3.119999999999999996e-01,0.000000000000000000e+00,0.000000000000000000e+00,6.690000000000000391e-01,-3.629999999999999893e-01,0.000000000000000000e+00,5.534380845229087686e-01,2.172716066260161893e-01,-2.638009372852788692e-01,1.151138721888968375e+00,1.473518411745033507e+00,2.091704272329666936e-01,-1.012125020789031715e-01,-1.054745036642062761e+00,-8.604230177791014067e-02,-5.992505095556468486e-01,2.000000000000000111e-01,-2.000000000000000111e-01,0.000000000000000000e+00,5.999999999999999778e-01,0.000000000000000000e+00,0.000000000000000000e+00,0.000000000000000000e+00
0.510000,0.000000000000000000e+00,0.000000000000000000e+00,7.594907452582463359e-01,1.000000000000000000e+00,0.000000000000000000e+00,0.000000000000000000e+00,0.000000000000000000e+00,-3.119999999999999996e-01,0.000000000000000000e+00,0.000000000000000000e+00,6.690000000000000391e-01,-3.629999999999999893e-01,0.000000000000000000e+00,-3.119999999999999996e-01,0.000000000000000000e+00,0.000000000000000000e+00,6.690000000000000391e-01,-3.629999999999999893e-01,0.000000000000000000e+00,5.283496487442413958e-01,2.748163420512682031e-01,-2.231678007733773339e-01,1.128581265020374813e+00,1.450590296822562797e+00,1.921871994829426611e-01,-1.737279715927573243e-01,-1.092276049122103077e+00,-7.095255867075823952e-02,-5.435908650050561564e-01,2.000000000000000111e-01,-2.000000000000000111e-01,0.000000000000000000e+00,5.999999999999999778e-01,0.000000000000000000e+00,0.000000000000000000e+00,0.000000000000000000e+00
0.520000,0.000000000000000000e+00,0.000000000000000000e+00,7.594907452582463359e-01,1.000000000000000000e+00,0.000000000000000000e+00,0.000000000000000000e+00,0.000000000000000000e+00,-3.119999999999999996e-01,0.000000000000000000e+00,0.000000000000000000e+00,6.690000000000000391e-01,-3.629999999999999893e-01,0.000000000000000000e+00,-3.119999999999999996e-01,0.000000000000000000e+00,0.000000000000000000e+00,6.690000000000000391e-01,-3.629999999999999893e-01,0.000000000000000000e+00,5.018919784808976159e-01,3.326737037636908756e-01,-1.794683334114327011e-01,1.103724726676677870e+00,1.430141844637436765e+00,1.808853750646693126e-01,-2.379616509381088374e-01,-1.134268148422403311e+00,-5.836522151996764718e-02,-4.957301981185482376e-01,2.000000000000000111e-01,-2.000000000000000111e-01,0.000000000000000000e+00,5.999999999999999778e-01,0.000000000000000000e+00,0.000000000000000000e+00,0.000000000000000000e+00
0.530000,0.000000000000000000e+00,0.000000000000000000e+00,7.594907452582463359e-01,1.000000000000000000e+00,0.000000000000000000e+00,0.000000000000000000e+00,0.000000000000000000e+00,-3.119999999999999996e-01,0.000000000000000000e+00,0.000000000000000000e+00,6.690000000000000391e-01,-3.629999999999999893e-01,0.000000000000000000e+00,-3.119999999999999996e-01,0.000000000000000000e+00,0.000000000000000000e+00,6.690000000000000391e-01,-3.629999999999999893e-01,0.000000000000000000e+00,4.750607909481117108e-01,3.906759018923250393e-01,-1.331771464084907930e-01,1.077063244293966715e+00,1.413125401234083034e+00,1.761852488502895220e-01,-2.936812871509436040e-01,-1.181465486545073995e+00,-4.800099103817216661e-02,-4.569969641869424670e-01,2.000000000000000111e-01,-2.000000000000000111e-01,0.000000000000000000e+00,5.999999999999999778e-01,0.000000000000000000e+00,0.000000000000000000e+00,0.000000000000000000e+00
0.540000,0.000000000000000000e+00,0.000000000000000000e+00,7.594907452582463359e-01,1.000000000000000000e+00,0.000000000000000000e+00,0.000000000000000000e+00,0.000000000000000000e+00,-3.119999999999999996e-01,0.000000000000000000e+00,0.000000000000000000e+00,6.690000000000000391e-01,-3.629999999999999893e-01,0.000000000000000000e+00,-3.119999999999999996e-01,0.000000000000000000e+00,0.000000000000000000e+00,6.690000000000000391e-01,-3.629999999999999893e-01,0.000000000000000000e+00,4.487737568352210271e-01,4.489154853380474264e-01,-8.469135740998820494e-02,1.048957366418005410e+00,1.400441156203138027e+00,1.789371276782687759e-01,-3.408822416496509744e-01,-1.234774289716496831e+00,-3.919823631105606027e-02,-4.280000835557128402e-01,2.000000000000000111e-01,-2.000000000000000111e-01,0.000000000000000000e+00,5.999999999999999778e-01,0.000000000000000000e+00,0.000000000000000000e+00,0.000000000000000000e+00
0.550000,0.000000000000000000e+00,0.000000000000000000e+00,7.594907452582463359e-01,1.000000000000000000e+00,0.000000000000000000e+00,0.000000000000000000e+00,0.000000000000000000e+00,-3.119999999999999996e-01,0.000000000000000000e+00,0.000000000000000000e+00,6.690000000000000391e-01,-3.629999999999999893e-01,0.000000000000000000e+00,-3.119999999999999996e-01,0.000000000000000000e+00,0.000000000000000000e+00,6.690000000000000391e-01,-3.629999999999999893e-01,0.000000000000000000e+00,4.239188731172874314e-01,5.074783119759290750e-01,-3.461591178162268245e-02,1.019711770686403840e+00,1.392973250165639332e+00,1.898941613626410341e-01,-3.794942699277821796e-01,-1.295056283532792119e+00,-3.099291004373857725e-02,-4.090868715775957121e-01,2.000000000000000111e-01,-2.000000000000000111e-01,0.000000000000000000e+00,5.999999999999999778e-01,0.000000000000000000e+00,0.000000000000000000e+00,0.000000000000000000e+00
0.560000,0.000000000000000000e+00,0.000000000000000000e+00,7.594907452582463359e-01,1.000000000000000000e+00,0.000000000000000000e+00,0.000000000000000000e+00,0.000000000000000000e+00,-3.119999999999999996e-01,0.000000000000000000e+00,0.000000000000000000e+00,6.690000000000000391e-01,-3.629999999999999893e-01,0.000000000000000000e+00,-3.119999999999999996e-01,0.000000000000000000e+00,0.000000000000000000e+00,6.690000000000000391e-01,-3.629999999999999893e-01,0.000000000000000000e+00,4.246132115801638518e-01,5.200000000000000178e-01,-4.472347425665344767e-03,9.990257387588097338e-01,1.444610172058325315e+00,2.633863770662732140e-01,-4.555272086955554078e-01,-1.396747760121524351e+00,2.080841100714310443e-02,-3.475526797136406776e-01,2.000000000000000111e-01,-2.000000000000000111e-01,0.000000000000000000e+00,5.999999999999999778e-01,0.000000000000000000e+00,0.000000000000000000e+00,0.000000000000000000e+00
0.570000,0.000000000000000000e+00,0.000000000000000000e+00,7.594907452582463359e-01,1.000000000000000000e+00,0.000000000000000000e+00,0.000000000000000000e+00,0.000000000000000000e+00,-3.119999999999999996e-01,0.000000000000000000e+00,0.000000000000000000e+00,6.690000000000000391e-01,-3.629999999999999893e-01,0.000000000000000000e+00,-3.119999999999999996e-01,0.000000000000000000e+00,0.000000000000000000e+00,6.690000000000000391e-01,-3.629999999999999893e-01,0.000000000000000000e+00,4.290943160862182859e-01,5.200000000000000178e-01,-2.583853529794287972e-03,9.754936218170443540e-01,1.525116480452749945e+00,3.643520778521196490e-01,-5.268522559861911203e-01,-1.522958158136352047e+00,1.016951864711300307e-01,-2.554785048260401203e-01,2.000000000000000111e-01,-2.000000000000000111e-01,0.000000000000000000e+00,5.999999999999999778e-01,0.000000000000000000e+00,0.000000000000000000e+00,0.000000000000000000e+00
0.580000,0.000000000000000000e+00,0.000000000000000000e+00,7.594907452582463359e-01,1.000000000000000000e+00,0.000000000000000000e+00,0.000000000000000000e+00,0.000000000000000000e+00,-3.119999999999999996e-01,0.000000000000000000e+00,0.000000000000000000e+00,6.690000000000000391e-01,-3.629999999999999893e-01,0.000000000000000000e+00,-3.119999999999999996e-01,0.000000000000000000e+00,0.000000000000000000e+00,6.690000000000000391e-01,-3.629999999999999893e-01,0.000000000000000000e+00,4.191158155710045241e-01,5.200000000000000178e-01,1.754399597938184011e-03,9.362748360477486376e-01,1.600372181467259791e+00,4.589219234018736548e-01,-5.667852512935245279e-01,-1.663471807932778823e+00,1.785031175334159392e-01,-1.650711869579355728e-01,2.000000000000000111e-01,-2.000000000000000111e-01,0.000000000000000000e+00,5.999999999999999778e-01,0.000000000000000000e+00,0.000000000000000000e+00,0.000000000000000000e+00
0.590000,0.000000000000000000e+00,0.000000000000000000e+00,7.594907452582463359e-01,1.000000000000000000e+00,0.000000000000000000e+00,0.000000000000000000e+00,0.000000000000000000e+00,-3.119999999999999996e-01,0.000000000000000000e+00,0.000000000000000000e+00,6.690000000000000391e-01,-3.629999999999999893e-01,0.000000000000000000e+00,-3.119999999999999996e-01,0.000000000000000000e+00,0.000000000000000000e+00,6.690000000000000391e-01,-3.629999999999999893e-01,0.000000000000000000e+00,3.956539269538549841e-01,5.200000000000000178e-01,1.134574921052081652e-02,8.882871431562898712e-01,1.671571119769535096e+00,5.433351089770125375e-01,-5.767662543734184410e-01,-1.809670303697686888e+00,2.455537093023675010e-01,-7.951234779611618397e-02,2.000000000000000111e-01,-2.000000000000000111e-01,0.000000000000000000e+00,5.999999999999999778e-01,0.000000000000000000e+00,0.000000000000000000e+00,0.000000000000000000e+00
0.600000,0.000000000000000000e+00,0.000000000000000000e+00,7.594907452582463359e-01,1.000000000000000000e+00,0.000000000000000000e+00,0.000000000000000000e+00,0.000000000000000000e+00,-3.119999999999999996e-01,0.000000000000000000e+00,0.000000000000000000e+00,6.690000000000000391e-01,-3.629999999999999893e-01,0.000000000000000000e+00,-3.119999999999999996e-01,0.000000000000000000e+00,0.000000000000000000e+00,6.690000000000000391e-01,-3.629999999999999893e-01,0.000000000000000000e+00,3.616252131473996489e-01,5.200000000000000178e-01,2.633042652751923715e-02,8.376660181164798935e-01,1.740571528654049294e+00,6.167993551549852960e-01,-5.590248721491227757e-01,-1.953216896372767852e+00,3.031295069362567873e-01,-2.106720539251221661e-03,2.000000000000000111e-01,-2.000000000000000111e-01,0.000000000000000000e+00,5.999999999999999778e-01,0.000000000000000000e+00,0.000000000000000000e+00,0.000000000000000000e+00
0.610000,0.000000000000000000e+00,0.000000000000000000e+00,7.594907452582463359e-01,1.000000000000000000e+00,0.000000000000000000e+00,0.000000000000000000e+00,0.000000000000000000e+00,-3.119999999999999996e-01,0.000000000000000000e+00,0.000000000000000000e+00,6.690000000000000391e-01,-3.629999999999999893e-01,0.000000000000000000e+00,-3.119999999999999996e-01,0.000000000000000000e+00,0.000000000000000000e+00,6.690000000000000391e-01,-3.629999999999999893e-01,0.000000000000000000e+00,3.616252131473996489e-01,5.200000000000000178e-01,2.633042652751923715e-02,8.376660181164798935e-01,1.740571528654049294e+00,6.167993551549852960e-01,-5.590248721491227757e-01,-1.953216896372767852e+00,3.031295069362567873e-01,-2.106720539251221661e-03,2.000000000000000111e-01,-2.000000000000000111e-01,0.000000000000000000e+00,5.999999999999999778e-01,0.000000000000000000e+00,0.000000000000000000e+00,0.000000000000000000e+00
0.620000,0.000000000000000000e+00,0.000000000000000000e+00,7.594907452582463359e-01,1.000000000000000000e+00,0.000000000000000000e+00,0.000000000000000000e+00,0.000000000000000000e+00,-3.119999999999999996e-01,0.000000000000000000e+00,0.000000000000000000e+00,6.690000000000000391e-01,-3.629999999999999893e-01,0.000000000000000000e+00,-3.119999999999999996e-01,0.000000000000000000e+00,0.000000000000000000e+00,6.690000000000000391e-01,-3.629999999999999893e-01,0.000000000000000000e+00,3.616252131473996489e-01,5.200000000000000178e-01,2.633042652751923715e-02,8.376660181164798935e-01,1.740571528654049294e+00,6.167993551549852960e-01,-5.590248721491227757e-01,-1.953216896372767852e+00,3.031295069362567873e-01,-2.106720539251221661e-03,2.000000000000000111e-01,-2.000000000000000111e-01,0.000000000000000000e+00,5.999999999999999778e-01,0.000000000000000000e+00,0.000000000000000000e+00,0.000000000000000000e+00
0.630000,0.000000000000000000e+00,0.000000000000000000e+00,7.594907452582463359e-01,1.000000000000000000e+00,0.000000000000000000e+00,0.000000000000000000e+00,0.000000000000000000e+00,-3.119999999999999996e-01,0.000000000000000000e+00,0.000000000000000000e+00,6.690000000000000391e-01,-3.629999999999999893e-01,0.000000000000000000e+00,-3.119999999999999996e-01,0.000000000000000000e+00,0.000000000000000000e+00,6.690000000000000391e-01,-3.629999999999999893e-01,0.000000000000000000e+00,3.616252131473996489e-01,5.200000000000000178e-01,2.633042652751923715e-02,8.376660181164798935e-01,1.740571528654049294e+00,6.167993551549852960e-01,-5.590248721491227757e-01,-1.953216896372767852e+00,3.031295069362567873e-01,-2.106720539251221661e-03,2.000000000000000111e-01,-2.000000000000000111e-01,0.000000000000000000e+00,5.999999999999999778e-01,0.000000000000000000e+00,0.000000000000000000e+00,0.000000000000000000e+00
0.640000,0.000000000000000000e+00,0.000000000000000000e+00,7.594907452582463359e-01,1.000000000000000000e+00,0.000000000000000000e+00,0.000000000000000000e+00,0.000000000000000000e+00,-3.119999999999999996e-01,0.000000000000000000e+00,0.000000000000000000e+00,6.690000000000000391e-01,-3.629999999999999893e-01,0.000000000000000000e+00,-3.119999999999999996e-01,0.000000000000000000e+00,0.000000000000000000e+00,6.690000000000000391e-01,-3.629999999999999893e-01,0.000000000000000000e+00,3.616252131473996489e-01,5.200000000000000178e-01,2.633042652751923715e-02,8.376660181164798935e-01,1.740571528654049294e+00,6.167993551549852960e-01,-5.590248721491227757e-01,-1.953216896372767852e+00,3.031295069362567873e-01,-2.106720539251221661e-03,2.000000000000000111e-01,-2.000000000000000111e-01,0.000000000000000000e+00,5.999999999999999778e-01,0.000000000000000000e+00,0.000000000000000000e+00,0.000000000000000000e+00
0.650000,0.000000000000000000e+00,0.000000000000000000e+00,7.594907452582463359e-01,1.000000000000000000e+00,0.000000000000000000e+00,0.000000000000000000e+00,0.000000000000000000e+00,-3.119999999999999996e-01,0.000000000000000000e+00,0.000000000000000000e+00,6.690000000000000391e-01,-3.629999999999999893e-01,0.000000000000000000e+00,-3.119999999999999996e-01,0.000000000000000000e+00,0.000000000000000000e+00,6.690000000000000391e-01,-3.629999999999999893e-01,0.000000000000000000e+00,3.616252131473996489e-01,5.200000000000000178e-01,2.633042652751923715e-02,8.376660181164798935e-01,1.740571528654049294e+00,6.167993551549852960e-01,-5.590248721491227757e-01,-1.953216896372767852e+00,3.031295069362567873e-01,-2.106720539251221661e-03,2.000000000000000111e-01,-2.000000000000000111e-01,0.000000000000000000e+00,5.999999999999999778e-01,0.000000000000000000e+00,0.000000000000000000e+00,0.000000000000000000e+00
0.660000,0.000000000000000000e+00,0.000000000000000000e+00,7.594907452582463359e-01,1.000000000000000000e+00,0.000000000000000000e+00,0.000000000000000000e+00,0.000000000000000000e+00,-3.119999999999999996e-01,0.000000000000000000e+00,0.000000000000000000e+00,6.690000000000000391e-01,-3.629999999999999893e-01,0.000000000000000000e+00,-3.119999999999999996e-01,0.000000000000000000e+00,0.000000000000000000e+00,6.690000000000000391e-01,-3.629999999999999893e-01,0.000000000000000000e+00,3.616252131473996489e-01,5.200000000000000178e-01,2.633042652751923715e-02,8.376660181164798935e-01,1.740571528654049294e+00,6.167993551549852960e-01,-5.590248721491227757e-01,-1.953216896372767852e+00,3.031295069362567873e-01,-2.106720539251221661e-03,2.000000000000000111e-01,-2.000000000000000111e-01,0.000000000000000000e+00,5.999999999999999778e-01,0.000000000000000000e+00,0.000000000000000000e+00,0.000000000000000000e+00
0.670000,0.000000000000000000e+00,0.000000000000000000e+00,7.594907452582463359e-01,1.000000000000000000e+00,0.000000000000000000e+00,0.000000000000000000e+00,0.000000000000000000e+00,-3.119999999999999996e-01,0.000000000000000000e+00,0.000000000000000000e+00,6.690000000000000391e-01,-3.629999999999999893e-01,0.000000000000000000e+00,-3.119999999999999996e-01,0.000000000000000000e+00,0.000000000000000000e+00,6.690000000000000391e-01,-3.629999999999999893e-01,0.000000000000000000e+00,3.616252131473996489e-01,5.200000000000000178e-01,2.633042652751923715e-02,8.376660181164798935e-01,1.740571528654049294e+00,6.167993551549852960e-01,-5.590248721491227757e-01,-1.953216896372767852e+00,3.031295069362567873e-01,-2.106720539251221661e-03,2.000000000000000111e-01,-2.000000000000000111e-01,0.000000000000000000e+00,5.999999999999999778e-01,0.000000000000000000e+00,0.000000000000000000e+00,0.000000000000000000e+00
0.680000,0.000000000000000000e+00,0.000000000000000000e+00,7.594907452582463359e-01,1.000000000000000000e+00,0.000000000000000000e+00,0.000000000000000000e+00,0.000000000000000000e+00,-3.119999999999999996e-01,0.000000000000000000e+00,0.000000000000000000e+00,6.690000000000000391e-01,-3.629999999999999893e-01,0.000000000000000000e+00,-3.119999999999999996e-01,0.000000000000000000e+00,0.000000000000000000e+00,6.690000000000000391e-01,-3.629999999999999893e-01,0.000000000000000000e+00,3.616252131473996489e-01,5.200000000000000178e-01,2.633042652751923715e-02,8.376660181164798935e-01,1.740571528654049294e+00,6.167993551549852960e-01,-5.590248721491227757e-01,-1.953216896372767852e+00,3.031295069362567873e-01,-2.106720539251221661e-03,2.000000000000000111e-01,-2.000000000000000111e-01,0.000000000000000000e+00,5.999999999999999778e-01,0.000000000000000000e+00,0.000000000000000000e+00,0.000000000000000000e+00
0.690000,0.000000000000000000e+00,0.000000000000000000e+00,7.594907452582463359e-01,1.000000000000000000e+00,0.000000000000000000e+00,0.000000000000000000e+00,0.000000000000000000e+00,-3.119999999999999996e-01,0.000000000000000000e+00,0.000000000000000000e+00,6.690000000000000391e-01,-3.629999999999999893e-01,0.000000000000000000e+00,-3.119999999999999996e-01,0.000000000000000000e+00,0.000000000000000000e+00,6.690000000000000391e-01,-3.629999999999999893e-01,0.000000000000000000e+00,3.616252131473996489e-01,5.200000000000000178e-01,2.633042652751923715e-02,8.376660181164798935e-01,1.740571528654049294e+00,6.167993551549852960e-01,-5.590248721491227757e-01,-1.953216896372767852e+00,3.031295069362567873e-01,-2.106720539251221661e-03,2.000000000000000111e-01,-2.000000000000000111e-01,0.000000000000000000e+00,5.999999999999999778e-01,0.000000000000000000e+00,0.000000000000000000e+00,0.000000000000000000e+00
0.700000,0.000000000000000000e+00,0.000000000000000000e+00,7.594907452582463359e-01,1.000000000000000000e+00,0.000000000000000000e+00,0.000000000000000000e+00,0.000000000000000000e+00,-3.119999999999999996e-01,0.000000000000000000e+00,0.000000000000000000e+00,6.690000000000000391e-01,-3.629999999999999893e-01,0.000000000000000000e+00,-3.119999999999999996e-01,0.000000000000000000e+00,0.000000000000000000e+00,6.690000000000000391e-01,-3.629999999999999893e-01,0.000000000000000000e+00,3.616252131473996489e-01,5.200000000000000178e-01,2.633042652751923715e-02,8.376660181164798935e-01,1.740571528654049294e+00,6.167993551549852960e-01,-5.590248721491227757e-01,-1.953216896372767852e+00,3.031295069362567873e-01,-2.106720539251221661e-03,2.000000000000000111e-01,-2.000000000000000111e-01,0.000000000000000000e+00,5.999999999999999778e-01,0.000000000000000000e+00,0.000000000000000000e+00,0.000000000000000000e+00
0.710000,0.000000000000000000e+00,0.000000000000000000e+00,7.594907452582463359e-01,1.000000000000000000e+00,0.000000000000000000e+00,0.000000000000000000e+00,0.000000000000000000e+00,-3.119999999999999996e-01,0.000000000000000000e+00,0.000000000000000000e+00,6.690000000000000391e-01,-3.629999999999999893e-01,0.000000000000000000e+00,-3.119999999999999996e-01,0.000000000000000000e+00,0.000000000000000000e+00,6.690000000000000391e-01,-3.629999999999999893e-01,0.000000000000000000e+00,3.616252131473996489e-01,5.200000000000000178e-01,2.633042652751923715e-02,8.376660181164798935e-01,1.740571528654049294e+00,6.167993551549852960e-01,-5.590248721491227757e-01,-1.953216896372767852e+00,3.031295069362567873e-01,-2.106720539251221661e-03,2.000000000000000111e-01,-2.000000000000000111e-01,0.000000000000000000e+00,5.999999999999999778e-01,0.000000000000000000e+00,0.000000000000000000e+00,0.000000000000000000e+00
0.720000,0.000000000000000000e+00,0.000000000000000000e+00,7.594907452582463359e-01,1.000000000000000000e+00,0.000000000000000000e+00,0.000000000000000000e+00,0.000000000000000000e+00,-3.119999999999999996e-01,0.000000000000000000e+00,0.000000000000000000e+00,6.690000000000000391e-01,-3.629999999999999893e-01,0.000000000000000000e+00,-3.119999999999999996e-01,0.000000000000000000e+00,0.000000000000000000e+00,6.690000000000000391e-01,-3.629999999999999893e-01,0.000000000000000000e+00,3.616252131473996489e-01,5.200000000000000178e-01,2.633042652751923715e-02,8.376660181164798935e-01,1.740571528654049294e+00,6.167993551549852960e-01,-5.590248721491227757e-01,-1.953216896372767852e+00,3.031295069362567873e-01,-2.106720539251221661e-03,2.000000000000000111e-01,-2.000000000000000111e-01,0.000000000000000000e+00,5.999999999999999778e-01,0.000000000000000000e+00,0.000000000000000000e+00,0.000000000000000000e+00
0.730000,0.000000000000000000e+00,0.000000000000000000e+00,7.594907452582463359e-01,1.000000000000000000e+00,0.000000000000000000e+00,0.000000000000000000e+00,0.000000000000000000e+00,-3.119999999999999996e-01,0.000000000000000000e+00,0.000000000000000000e+00,6.690000000000000391e-01,-3.629999999999999893e-01,0.000000000000000000e+00,-3.119999999999999996e-01,0.000000000000000000e+00,0.000000000000000000e+00,6.690000000000000391e-01,-3.629999999999999893e-01,0.000000000000000000e+00,3.616252131473996489e-01,5.200000000000000178e-01,2.633042652751923715e-02,8.376660181164798935e-01,1.740571528654049294e+00,6.167993551549852960e-01,-5.590248721491227757e-01,-1.953216896372767852e+00,3.031295069362567873e-01,-2.106720539251221661e-03,2.000000000000000111e-01,-2.000000000000000111e-01,0.000000000000000000e+00,5.999999999999999778e-01,0.000000000000000000e+00,0.000000000000000000e+00,0.000000000000000000e+00
0.740000,0.000000000000000000e+00,0.000000000000000000e+00,7.594907452582463359e-01,1.000000000000000000e+00,0.000000000000000000e+00,0.000000000000000000e+00,0.000000000000000000e+00,-3.119999999999999996e-01,0.000000000000000000e+00,0.000000000000000000e+00,6.690000000000000391e-01,-3.629999999999999893e-01,0.000000000000000000e+00,-3.119999999999999996e-01,0.000000000000000000e+00,0.000000000000000000e+00,6.690000000000000391e-01,-3.629999999999999893e-01,0.000000000000000000e+00,3.616252131473996489e-01,5.200000000000000178e-01,2.633042652751923715e-02,8.376660181164798935e-01,1.740571528654049294e+00,6.167993551549852960e-01,-5.590248721491227757e-01,-1.953216896372767852e+00,3.031295069362567873e-01,-2.106720539251221661e-03,2.000000000000000111e-01,-2.000000000000000111e-01,0.000000000000000000e+00,5.999999999999999778e-01,0.000000000000000000e+00,0.000000000000000000e+00,0.000000000000000000e+00
0.750000,0.000000000000000000e+00,0.000000000000000000e+00,7.594907452582463359e-01,1.000000000000000000e+00,0.000000000000000000e+00,0.000000000000000000e+00,0.000000000000000000e+00,-3.119999999999999996e-01,0.000000000000000000e+00,0.000000000000000000e+00,6.690000000000000391e-01,-3.629999999999999893e-01,0.000000000000000000e+00,-3.119999999999999996e-01,0.000000000000000000e+00,0.000000000000000000e+00,6.690000000000000391e-01,-3.629999999999999893e-01,0.000000000000000000e+00,3.616252131473996489e-01,5.200000000000000178e-01,2.633042652751923715e-02,8.376660181164798935e-01,1.740571528654049294e+00,6.167993551549852960e-01,-5.590248721491227757e-01,-1.953216896372767852e+00,3.031295069362567873e-01,-2.106720539251221661e-03,2.000000000000000111e-01,-2.000000000000000111e-01,0.000000000000000000e+00,5.999999999999999778e-01,0.000000000000000000e+00,0.000000000000000000e+00,0.000000000000000000e+00
0.760000,0.000000000000000000e+00,0.000000000000000000e+00,7.594907452582463359e-01,1.000000000000000000e+00,0.000000000000000000e+00,0.000000000000000000e+00,0.000000000000000000e+00,-3.119999999999999996e-01,0.000000000000000000e+00,0.000000000000000000e+00,6.690000000000000391e-01,-3.629999999999999893e-01,0.000000000000000000e+00,-3.119999999999999996e-01,0.000000000000000000e+00,0.000000000000000000e+00,6.690000000000000391e-01,-3.629999999999999893e-01,0.000000000000000000e+00,3.616252131473996489e-01,5.200000000000000178e-01,2.633042652751923715e-02,8.376660181164798935e-01,1.740571528654049294e+00,6.167993551549852960e-01,-5.590248721491227757e-01,-1.953216896372767852e+00,3.031295069362567873e-01,-2.106720539251221661e-03,2.000000000000000111e-01,-2.000000000000000111e-01,0.000000000000000000e+00,5.999999999999999778e-01,0.000000000000000000e+00,0.000000000000000000e+00,0.000000000000000000e+00
0.770000,0.000000000000000000e+00,0.000000000000000000e+00,7.594907452582463359e-01,1.000000000000000000e+00,0.000000000000000000e+00,0.000000000000000000e+00,0.000000000000000000e+00,-3.119999999999999996e-01,0.000000000000000000e+00,0.000000000000000000e+00,6.690000000000000391e-01,-3.629999999999999893e-01,0.000000000000000000e+00,-3.119999999999999996e-01,0.000000000000000000e+00,0.000000000000000000e+00,6.690000000000000391e-01,-3.629999999999999893e-01,0.000000000000000000e+00,3.616252131473996489e-01,5.200000000000000178e-01,2.633042652751923715e-02,8.376660181164798935e-01,1.740571528654049294e+00,6.167993551549852960e-01,-5.590248721491227757e-01,-1.953216896372767852e+00,3.031295069362567873e-01,-2.106720539251221661e-03,2.000000000000000111e-01,-2.000000000000000111e-01,0.000000000000000000e+00,5.999999999999999778e-01,0.000000000000000000e+00,0.000000000000000000e+00,0.000000000000000000e+00
0.780000,0.000000000000000000e+00,0.000000000000000000e+00,7.594907452582463359e-01,1.000000000000000000e+00,0.000000000000000000e+00,0.000000000000000000e+00,0.000000000000000000e+00,-3.119999999999999996e-01,0.000000000000000000e+00,0.000000000000000000e+00,6.690000000000000391e-01,-3.629999999999999893e-01,0.000000000000000000e+00,-3.119999999999999996e-01,0.000000000000000000e+00,0.000000000000000000e+00,6.690000000000000391e-01,-3.629999999999999893e-01,0.000000000000000000e+00,3.616252131473996489e-01,5.200000000000000178e-01,2.633042652751923715e-02,8.376660181164798935e-01,1.740571528654049294e+00,6.167993551549852960e-01,-5.590248721491227757e-01,-1.953216896372767852e+00,3.031295069362567873e-01,-2.106720539251221661e-03,2.000000000000000111e-01,-2.000000000000000111e-01,0.000000000000000000e+00,5.999999999999999778e-01,0.000000000000000000e+00,0.000000000000000000e+00,0.000000000000000000e+00
0.790000,0.000000000000000000e+00,0.000000000000000000e+00,7.594907452582463359e-01,1.000000000000000000e+00,0.000000000000000000e+00,0.000000000000000000e+00,0.000000000000000000e+00,-3.119999999999999996e-01,0.000000000000000000e+00,0.000000000000000000e+00,6.690000000000000391e-01,-3.629999999999999893e-01,0.000000000000000000e+00,-3.119999999999999996e-01,0.000000000000000000e+00,0.000000000000000000e+00,6.690000000000000391e-01,-3.629999999999999893e-01,0.000000000000000000e+00,3.616252131473996489e-01,5.200000000000000178e-01,2.633042652751923715e-02,8.376660181164798935e-01,1.740571528654049294e+00,6.167993551549852960e-01,-5.590248721491227757e-01,-1.953216896372767852e+00,3.031295069362567873e-01,-2.106720539251221661e-03,2.000000000000000111e-01,-2.000000000000000111e-01,0.000000000000000000e+00,5.999999999999999778e-01,0.000000000000000000e+00,0.000000000000000000e+00,0.000000000000000000e+00
0.800000,0.000000000000000000e+00,0.000000000000000000e+00,7.594907452582463359e-01,1.000000000000000000e+00,0.000000000000000000e+00,0.000000000000000000e+00,0.000000000000000000e+00,-3.119999999999999996e-01,0.000000000000000000e+00,0.000000000000000000e+00,6.690000000000000391e-01,-3.629999999999999893e-01,0.000000000000000000e+00,-3.119999999999999996e-01,0.000000000000000000e+00,0.000000000000000000e+00,6.690000000000000391e-01,-3.629999999999999893e-01,0.000000000000000000e+00,2.989905181141417345e-01,1.293151824217118606e-01,7.141329177577475373e-02,1.051134115215944798e+00,2.002994196125230442e+00,1.510559298605211653e+00,-7.811972179556919693e-01,-1.972220000000000084e+00,5.674511379335770433e-01,8.883264693113044341e-01,2.000000000000000111e-01,-2.000000000000000111e-01,0.000000000000000000e+00,5.999999999999999778e-01,0.000000000000000000e+00,0.000000000000000000e+00,0.000000000000000000e+00
