0.000000,0.000000000000000000e+00,0.000000000000000000e+00,2.000001020021791032e-03,1.000000000000000000e+00,0.000000000000000000e+00,0.000000000000000000e+00,0.000000000000000000e+00,0.000000000000000000e+00,9.279412775901338742e-03,-1.147996993615085434e-02,1.969153483825075886e-03,0.000000000000000000e+00,0.000000000000000000e+00
0.010000,0.000000000000000000e+00,0.000000000000000000e+00,2.000001020021791032e-03,1.000000000000000000e+00,0.000000000000000000e+00,0.000000000000000000e+00,0.000000000000000000e+00,0.000000000000000000e+00,3.745491298095970228e-02,-4.337404852550637291e-02,5.243237095409039594e-03,0.000000000000000000e+00,0.000000000000000000e+00
0.020000,0.000000000000000000e+00,0.000000000000000000e+00,2.000001020021791032e-03,1.000000000000000000e+00,0.000000000000000000e+00,0.000000000000000000e+00,0.000000000000000000e+00,0.000000000000000000e+00,7.848259809425042755e-02,-9.684792816157355988e-02,1.771372052341080652e-02,0.000000000000000000e+00,0.000000000000000000e+00
0.030000,0.000000000000000000e+00,0.000000000000000000e+00,2.000001020021791032e-03,1.000000000000000000e+00,0.000000000000000000e+00,0.000000000000000000e+00,0.000000000000000000e+00,0.000000000000000000e+00,1.095533157980217998e-01,-1.438335592014396147e-01,3.364461355475826393e-02,0.000000000000000000e+00,0.000000000000000000e+00
0.040000,0.000000000000000000e+00,0.000000000000000000e+00,2.000001020021791032e-03,1.000000000000000000e+00,0.000000000000000000e+00,0.000000000000000000e+00,0.000000000000000000e+00,0.000000000000000000e+00,1.321521248913531121e-01,-1.789827162709357600e-01,4.577893838855949527e-02,0.000000000000000000e+00,0.000000000000000000e+00
0.050000,0.000000000000000000e+00,0.000000000000000000e+00,2.000001020021791032e-03,1.000000000000000000e+00,0.000000000000000000e+00,0.000000000000000000e+00,0.000000000000000000e+00,0.000000000000000000e+00,1.655447316518911804e-01,-2.378361918721169643e-01,7.139446646303924948e-02,0.000000000000000000e+00,0.000000000000000000e+00
0.060000,0.000000000000000000e+00,0.000000000000000000e+00,2.000001020021791032e-03,1.000000000000000000e+00,0.000000000000000000e+00,0.000000000000000000e+00,0.000000000000000000e+00,0.000000000000000000e+00,1.926553782042372542e-01,-2.882391046565305204e-01,9.479682357204338716e-02,0.000000000000000000e+00,0.000000000000000000e+00
0.070000,0.000000000000000000e+00,0.000000000000000000e+00,2.000001020021791032e-03,1.000000000000000000e+00,0.000000000000000000e+00,0.000000000000000000e+00,0.000000000000000000e+00,0.000000000000000000e+00,2.189144638502005247e-01,-3.382206152605064520e-01,1.185258269201885650e-01,0.000000000000000000e+00,0.000000000000000000e+00
0.080000,0.000000000000000000e+00,0.000000000000000000e+00,2.000001020021791032e-03,1.000000000000000000e+00,0.000000000000000000e+00,0.000000000000000000e+00,0.000000000000000000e+00,0.000000000000000000e+00,2.448259228519864827e-01,-3.887425728183873108e-01,1.431183105096747454e-01,0.000000000000000000e+00,0.000000000000000000e+00
0.090000,0.000000000000000000e+00,0.000000000000000000e+00,2.000001020021791032e-03,1.000000000000000000e+00,0.000000000000000000e+00,0.000000000000000000e+00,0.000000000000000000e+00,0.000000000000000000e+00,2.705266400707194707e-01,-4.399176096754561782e-01,1.685709866116436584e-01,0.000000000000000000e+00,0.000000000000000000e+00
0.100000,0.000000000000000000e+00,0.000000000000000000e+00,2.000001020021791032e-03,1.000000000000000000e+00,0.000000000000000000e+00,0.000000000000000000e+00,0.000000000000000000e+00,0.000000000000000000e+00,2.961146310851189845e-01,-4.917649712901877024e-01,1.948086090694540196e-01,0.000000000000000000e+00,0.000000000000000000e+00
0.110000,0.000000000000000000e+00,0.000000000000000000e+00,2.000001020021791032e-03,1.000000000000000000e+00,0.000000000000000000e+00,0.000000000000000000e+00,0.000000000000000000e+00,0.000000000000000000e+00,3.216707377639402843e-01,-5.443042514165045143e-01,2.217699978207792189e-01,0.000000000000000000e+00,0.000000000000000000e+00
0.120000,0.000000000000000000e+00,0.000000000000000000e+00,2.000001020021791032e-03,1.000000000000000000e+00,0.000000000000000000e+00,0.000000000000000000e+00,0.000000000000000000e+00,0.000000000000000000e+00,3.472637815448982312e-01,-5.975656290617824551e-01,2.494160695100317571e-01,0.000000000000000000e+00,0.000000000000000000e+00
0.130000,0.000000000000000000e+00,0.000000000000000000e+00,2.000001020021791032e-03,1.000000000000000000e+00,0.000000000000000000e+00,0.000000000000000000e+00,0.000000000000000000e+00,0.000000000000000000e+00,3.729544985427311610e-01,-6.515899883199878229e-01,2.777265138754392293e-01,0.000000000000000000e+00,0.000000000000000000e+00
0.140000,0.000000000000000000e+00,0.000000000000000000e+00,2.000001020021791032e-03,1.000000000000000000e+00,0.000000000000000000e+00,0.000000000000000000e+00,0.000000000000000000e+00,0.000000000000000000e+00,3.987985388730499459e-01,-7.064283880313800834e-01,3.066963113767887661e-01,0.000000000000000000e+00,0.000000000000000000e+00
0.150000,0.000000000000000000e+00,0.000000000000000000e+00,2.000001020021791032e-03,1.000000000000000000e+00,0.000000000000000000e+00,0.000000000000000000e+00,0.000000000000000000e+00,0.000000000000000000e+00,4.248487500061892130e-01,-7.621419844014942768e-01,3.363333535073759761e-01,0.000000000000000000e+00,0.000000000000000000e+00
0.160000,0.000000000000000000e+00,0.000000000000000000e+00,2.000001020021791032e-03,1.000000000000000000e+00,0.000000000000000000e+00,0.000000000000000000e+00,0.000000000000000000e+00,0.000000000000000000e+00,4.511570032205047265e-01,-8.188024634003361335e-01,3.666570240269600434e-01,0.000000000000000000e+00,0.000000000000000000e+00
0.170000,0.000000000000000000e+00,0.000000000000000000e+00,2.000001020021791032e-03,1.000000000000000000e+00,0.000000000000000000e+00,0.000000000000000000e+00,0.000000000000000000e+00,0.000000000000000000e+00,4.777757603610064963e-01,-8.764929594960590986e-01,3.976975269102916988e-01,0.000000000000000000e+00,0.000000000000000000e+00
0.180000,0.000000000000000000e+00,0.000000000000000000e+00,2.000001020021791032e-03,1.000000000000000000e+00,0.000000000000000000e+00,0.000000000000000000e+00,0.000000000000000000e+00,0.000000000000000000e+00,5.047595268256895862e-01,-9.353094745189924897e-01,4.294958272746099981e-01,0.000000000000000000e+00,0.000000000000000000e+00
0.190000,0.000000000000000000e+00,0.000000000000000000e+00,2.000001020021791032e-03,1.000000000000000000e+00,0.000000000000000000e+00,0.000000000000000000e+00,0.000000000000000000e+00,0.000000000000000000e+00,5.321663090792722040e-01,-9.953628595925382294e-01,4.621041472108950443e-01,0.000000000000000000e+00,0.000000000000000000e+00
0.200000,0.000000000000000000e+00,0.000000000000000000e+00,2.000001020021791032e-03,1.000000000000000000e+00,0.000000000000000000e+00,0.000000000000000000e+00,0.000000000000000000e+00,0.000000000000000000e+00,5.600591865594212182e-01,-1.056781478214884551e+00,4.955870214954095632e-01,0.000000000000000000e+00,0.000000000000000000e+00
0.210000,0.000000000000000000e+00,0.000000000000000000e+00,2.000001020021791032e-03,1.000000000000000000e+00,0.000000000000000000e+00,0.000000000000000000e+00,0.000000000000000000e+00,0.000000000000000000e+00,5.885081157131445417e-01,-1.119714737570603358e+00,5.300229782703259618e-01,0.000000000000000000e+00,0.000000000000000000e+00
0.220000,0.000000000000000000e+00,0.000000000000000000e+00,2.000001020021791032e-03,1.000000000000000000e+00,0.000000000000000000e+00,0.000000000000000000e+00,0.000000000000000000e+00,0.000000000000000000e+00,6.175921088490200495e-01,-1.184337770188350181e+00,5.655069779998040946e-01,0.000000000000000000e+00,0.000000000000000000e+00
0.230000,0.000000000000000000e+00,0.000000000000000000e+00,2.000001020021791032e-03,1.000000000000000000e+00,0.000000000000000000e+00,0.000000000000000000e+00,0.000000000000000000e+00,0.000000000000000000e+00,6.474019773623608254e-01,-1.250857687577629385e+00,6.021538333839987489e-01,0.000000000000000000e+00,0.000000000000000000e+00
0.240000,0.000000000000000000e+00,0.000000000000000000e+00,2.000001020021791032e-03,1.000000000000000000e+00,0.000000000000000000e+00,0.000000000000000000e+00,0.000000000000000000e+00,0.000000000000000000e+00,6.780439081296000259e-01,-1.319522041574223481e+00,6.401029620868003978e-01,0.000000000000000000e+00,0.000000000000000000e+00
0.250000,0.000000000000000000e+00,0.000000000000000000e+00,2.000001020021791032e-03,1.000000000000000000e+00,0.000000000000000000e+00,0.000000000000000000e+00,0.000000000000000000e+00,0.000000000000000000e+00,7.096442731468827203e-01,-1.390630469745313347e+00,6.795250233886760416e-01,0.000000000000000000e+00,0.000000000000000000e+00
0.260000,0.000000000000000000e+00,0.000000000000000000e+00,2.000001020021791032e-03,1.000000000000000000e+00,0.000000000000000000e+00,0.000000000000000000e+00,0.000000000000000000e+00,0.000000000000000000e+00,7.423562923087224652e-01,-1.464551061938305532e+00,7.206313122892454848e-01,0.000000000000000000e+00,0.000000000000000000e+00
0.270000,0.000000000000000000e+00,0.000000000000000000e+00,2.000001020021791032e-03,1.000000000000000000e+00,0.000000000000000000e+00,0.000000000000000000e+00,0.000000000000000000e+00,0.000000000000000000e+00,7.763695467239208892e-01,-1.541743941440206989e+00,7.636873281141609571e-01,0.000000000000000000e+00,0.000000000000000000e+00
0.280000,0.000000000000000000e+00,0.000000000000000000e+00,2.000001020021791032e-03,1.000000000000000000e+00,0.000000000000000000e+00,0.000000000000000000e+00,0.000000000000000000e+00,0.000000000000000000e+00,8.118699415442216516e-01,-1.622010274280176079e+00,8.089431503685737823e-01,0.000000000000000000e+00,0.000000000000000000e+00
0.290000,0.000000000000000000e+00,0.000000000000000000e+00,2.000001020021791032e-03,1.000000000000000000e+00,0.000000000000000000e+00,0.000000000000000000e+00,0.000000000000000000e+00,0.000000000000000000e+00,8.491507565407085956e-01,-1.706329779156553705e+00,8.568254229385943166e-01,0.000000000000000000e+00,0.000000000000000000e+00
0.300000,0.000000000000000000e+00,0.000000000000000000e+00,2.000001020021791032e-03,1.000000000000000000e+00,0.000000000000000000e+00,0.000000000000000000e+00,0.000000000000000000e+00,0.000000000000000000e+00,8.886111291029297199e-01,-1.795800360710755106e+00,9.079143971441416827e-01,0.000000000000000000e+00,0.000000000000000000e+00
0.310000,0.000000000000000000e+00,0.000000000000000000e+00,2.000001020021791032e-03,1.000000000000000000e+00,0.000000000000000000e+00,0.000000000000000000e+00,0.000000000000000000e+00,-4.334453616574090312e-02,8.932200650033816913e-01,-1.809189266021889342e+00,9.155785894464770758e-01,4.401285448990710503e-02,-3.064738792919283764e-05
0.320000,0.000000000000000000e+00,0.000000000000000000e+00,2.000001020021791032e-03,1.000000000000000000e+00,0.000000000000000000e+00,0.000000000000000000e+00,0.000000000000000000e+00,-1.480015043626961568e-01,8.946823575446182231e-01,-1.818139142583964141e+00,9.231468399552363868e-01,1.489098784798519870e-01,4.738614369881082239e-05
0.330000,0.000000000000000000e+00,0.000000000000000000e+00,2.000001020021791032e-03,1.000000000000000000e+00,0.000000000000000000e+00,0.000000000000000000e+00,0.000000000000000000e+00,-2.544125905578445979e-01,8.927924851755770774e-01,-1.822658211166990894e+00,9.296397939386692455e-01,2.553364474087252978e-01,6.224667188029667870e-05
0.340000,0.000000000000000000e+00,0.000000000000000000e+00,2.000001020021791032e-03,1.000000000000000000e+00,0.000000000000000000e+00,0.000000000000000000e+00,0.000000000000000000e+00,-3.593455732516369627e-01,8.896304140875901378e-01,-1.827787971488963992e+00,9.378905678777492705e-01,3.601399410600399920e-01,9.663357804518395177e-05
0.350000,0.000000000000000000e+00,0.000000000000000000e+00,2.000001020021791032e-03,1.000000000000000000e+00,0.000000000000000000e+00,0.000000000000000000e+00,0.000000000000000000e+00,-4.599632659686300196e-01,8.856650642234963344e-01,-1.834255096576947297e+00,9.482401764177751380e-01,4.605459085052797108e-01,1.575653957652583203e-04
0.360000,0.000000000000000000e+00,0.000000000000000000e+00,2.000001020021791032e-03,1.000000000000000000e+00,0.000000000000000000e+00,0.000000000000000000e+00,0.000000000000000000e+00,-5.540329909979206935e-01,8.811269907872650853e-01,-1.842081951441631338e+00,9.605036331647076597e-01,5.543846284423654680e-01,2.396039343261613234e-04
0.370000,0.000000000000000000e+00,0.000000000000000000e+00,2.000001020021791032e-03,1.000000000000000000e+00,0.000000000000000000e+00,0.000000000000000000e+00,0.000000000000000000e+00,-6.400988025157261507e-01,8.761988972338776716e-01,-1.851176187475138457e+00,9.744089857930954279e-01,6.402532834954599572e-01,3.407794163130226680e-04
0.380000,0.000000000000000000e+00,0.000000000000000000e+00,2.000001020021791032e-03,1.000000000000000000e+00,0.000000000000000000e+00,0.000000000000000000e+00,0.000000000000000000e+00,-6.893569824308548588e-01,8.721790314700229585e-01,-1.857953809979254967e+00,9.848387635880038182e-01,6.894453052455888908e-01,5.759605986432557705e-04
0.390000,0.000000000000000000e+00,0.000000000000000000e+00,2.000001020021791032e-03,1.000000000000000000e+00,0.000000000000000000e+00,0.000000000000000000e+00,0.000000000000000000e+00,-7.724314146328418174e-01,8.658364756798465622e-01,-1.871836070208558578e+00,1.004962111159210192e+00,7.723746869931277237e-01,7.263141209046541664e-04
0.400000,0.000000000000000000e+00,0.000000000000000000e+00,2.000001020021791032e-03,1.000000000000000000e+00,0.000000000000000000e+00,0.000000000000000000e+00,0.000000000000000000e+00,-8.143378224326839332e-01,8.614736422242366132e-01,-1.880591965355876471e+00,1.017622646742116777e+00,8.141660853595480418e-01,1.066872819862115873e-03
0.410000,0.000000000000000000e+00,0.000000000000000000e+00,2.000001020021791032e-03,1.000000000000000000e+00,0.000000000000000000e+00,0.000000000000000000e+00,0.000000000000000000e+00,-8.605652306159041753e-01,8.562657352807988564e-01,-1.891880665865713018e+00,1.033524875844190616e+00,8.602782790684293523e-01,1.548765434460529092e-03
0.420000,0.000000000000000000e+00,0.000000000000000000e+00,2.000001020021791032e-03,1.000000000000000000e+00,0.000000000000000000e+00,0.000000000000000000e+00,0.000000000000000000e+00,-9.057974056227110493e-01,8.508956394587579020e-01,-1.904996886667725597e+00,1.051394554014831950e+00,9.054150914644127912e-01,2.089040718493724060e-03
0.430000,0.000000000000000000e+00,0.000000000000000000e+00,2.000001020021791032e-03,1.000000000000000000e+00,0.000000000000000000e+00,0.000000000000000000e+00,0.000000000000000000e+00,-9.477857184352886932e-01,8.456183341319963853e-01,-1.919560912402117792e+00,1.070601292267967741e+00,9.473429921065659176e-01,2.671913258076068047e-03
0.440000,0.000000000000000000e+00,0.000000000000000000e+00,2.000001020021791032e-03,1.000000000000000000e+00,0.000000000000000000e+00,0.000000000000000000e+00,0.000000000000000000e+00,-9.858703217117263939e-01,8.405502062685935583e-01,-1.935369906777834492e+00,1.090810107069329238e+00,9.854026377001884329e-01,3.301506876279869038e-03
0.450000,0.000000000000000000e+00,0.000000000000000000e+00,2.000001020021791032e-03,1.000000000000000000e+00,0.000000000000000000e+00,0.000000000000000000e+00,0.000000000000000000e+00,-1.020118085496349192e+00,8.357569901694890113e-01,-1.952325303137133261e+00,1.111839252433818759e+00,1.019653699928458224e+00,3.988164031176232374e-03
0.460000,0.000000000000000000e+00,0.000000000000000000e+00,2.000001020021791032e-03,1.000000000000000000e+00,0.000000000000000000e+00,0.000000000000000000e+00,0.000000000000000000e+00,-1.050874046957972707e+00,8.312852545238565982e-01,-1.970389994683635848e+00,1.133589215650853355e+00,1.050432713431732612e+00,4.743850894079219491e-03
0.470000,0.000000000000000000e+00,0.000000000000000000e+00,2.000001020021791032e-03,1.000000000000000000e+00,0.000000000000000000e+00,0.000000000000000000e+00,0.000000000000000000e+00,-1.078551980739975491e+00,8.271746946045723803e-01,-1.989562991655597912e+00,1.156004975460794393e+00,1.078146514875137685e+00,5.580825921421598071e-03
0.480000,0.000000000000000000e+00,0.000000000000000000e+00,2.000001020021791032e-03,1.000000000000000000e+00,0.000000000000000000e+00,0.000000000000000000e+00,0.000000000000000000e+00,-1.103548348276583990e+00,8.234629390632416390e-01,-2.009865323360848777e+00,1.179056203976021733e+00,1.103186762317158287e+00,6.511637715512538782e-03
0.490000,0.000000000000000000e+00,0.000000000000000000e+00,2.000001020021791032e-03,1.000000000000000000e+00,0.000000000000000000e+00,0.000000000000000000e+00,0.000000000000000000e+00,-1.126213785852248739e+00,8.201874355250099446e-01,-2.031332853858085041e+00,1.202727174588517078e+00,1.125901085901409360e+00,7.549657551903780905e-03
0.500000,0.000000000000000000e+00,0.000000000000000000e+00,2.000001020021791032e-03,1.000000000000000000e+00,0.000000000000000000e+00,0.000000000000000000e+00,0.000000000000000000e+00,-1.146848748554001318e+00,8.173863219905183053e-01,-2.054013096542038230e+00,1.227011711827796114e+00,1.146588225503054614e+00,8.709815865390770420e-03
0.510000,0.000000000000000000e+00,0.000000000000000000e+00,2.000001020021791032e-03,1.000000000000000000e+00,0.000000000000000000e+00,0.000000000000000000e+00,0.000000000000000000e+00,-1.165707918159444523e+00,8.150990387157028838e-01,-2.077964259574446970e+00,1.251910649545706633e+00,1.165502025481385262e+00,1.000944116418251394e-02
0.520000,0.000000000000000000e+00,0.000000000000000000e+00,2.000001020021791032e-03,1.000000000000000000e+00,0.000000000000000000e+00,0.000000000000000000e+00,0.000000000000000000e+00,-1.183006899819411650e+00,8.133669442387895243e-01,-2.103255546380114360e+00,1.277430479686747944e+00,1.182857855999209340e+00,1.146921606279205016e-02
0.530000,0.000000000000000000e+00,0.000000000000000000e+00,2.000001020021791032e-03,1.000000000000000000e+00,0.000000000000000000e+00,0.000000000000000000e+00,0.000000000000000000e+00,-1.198928777501040877e+00,8.122340099142134617e-01,-2.129968214376238400e+00,1.303582510860440413e+00,1.198839006949353525e+00,1.311432557844655934e-02
0.540000,0.000000000000000000e+00,0.000000000000000000e+00,2.000001020021791032e-03,1.000000000000000000e+00,0.000000000000000000e+00,0.000000000000000000e+00,0.000000000000000000e+00,-1.213629789214015098e+00,8.117476028777691477e-01,-2.158197154751971603e+00,1.330382155043805970e+00,1.213602283646439739e+00,1.497591318226980210e-02
0.550000,0.000000000000000000e+00,0.000000000000000000e+00,2.000001020021791032e-03,1.000000000000000000e+00,0.000000000000000000e+00,0.000000000000000000e+00,0.000000000000000000e+00,-1.227244026530128762e+00,8.119593442433592489e-01,-2.188052876185747397e+00,1.357848068118016949e+00,1.227282686495496877e+00,1.709300300046522753e-02
0.560000,0.000000000000000000e+00,0.000000000000000000e+00,2.000001020021791032e-03,1.000000000000000000e+00,0.000000000000000000e+00,0.000000000000000000e+00,0.000000000000000000e+00,-1.239887274127036809e+00,8.129260087493946907e-01,-2.219663800346582061e+00,1.386000856763358158e+00,1.239997279662993002e+00,1.951510754763867428e-02
0.570000,0.000000000000000000e+00,0.000000000000000000e+00,2.000001020021791032e-03,1.000000000000000000e+00,0.000000000000000000e+00,0.000000000000000000e+00,0.000000000000000000e+00,-1.251660152896753253e+00,8.147103910920354686e-01,-2.253178713630299868e+00,1.414860948471780677e+00,1.251848411729966637e+00,2.230583303443149298e-02
0.580000,0.000000000000000000e+00,0.000000000000000000e+00,2.000001020021791032e-03,1.000000000000000000e+00,0.000000000000000000e+00,0.000000000000000000e+00,0.000000000000000000e+00,-1.262650724761869014e+00,8.173819775462067838e-01,-2.288769032164146289e+00,1.444444978429455961e+00,1.262926455209779864e+00,2.554793375259048482e-02
0.590000,0.000000000000000000e+00,0.000000000000000000e+00,2.000001020021791032e-03,1.000000000000000000e+00,0.000000000000000000e+00,0.000000000000000000e+00,0.000000000000000000e+00,-1.272936701555261951e+00,8.210170859235662588e-01,-2.326630128186346624e+00,1.474759606001924350e+00,1.273312226100497213e+00,2.935047035367525925e-02
0.600000,0.000000000000000000e+00,0.000000000000000000e+00,2.000001020021791032e-03,1.000000000000000000e+00,0.000000000000000000e+00,0.000000000000000000e+00,0.000000000000000000e+00,-1.282587390629190249e+00,8.256977898830147877e-01,-2.366980129607714201e+00,1.505790900153789469e+00,1.283079247395180866e+00,3.385900603347025833e-02
0.610000,0.000000000000000000e+00,0.000000000000000000e+00,2.000001020021791032e-03,1.000000000000000000e+00,0.000000000000000000e+00,0.000000000000000000e+00,0.000000000000000000e+00,-1.282587390629190249e+00,8.256977898830147877e-01,-2.366980129607714201e+00,1.505790900153789469e+00,1.283079247395180866e+00,3.385900603347025833e-02
0.620000,0.000000000000000000e+00,0.000000000000000000e+00,2.000001020021791032e-03,1.000000000000000000e+00,0.000000000000000000e+00,0.000000000000000000e+00,0.000000000000000000e+00,-1.266051351024126026e+00,8.424622208518222077e-01,-2.392619656943494544e+00,1.518440000000000012e+00,1.267019073615713642e+00,2.785584042595340773e-02
0.630000,0.000000000000000000e+00,0.000000000000000000e+00,2.000001020021791032e-03,1.000000000000000000e+00,0.000000000000000000e+00,0.000000000000000000e+00,0.000000000000000000e+00,-1.250154796601282703e+00,8.562559457436423882e-01,-2.410103017542803538e+00,1.518440000000000012e+00,1.251150547632328580e+00,2.117977113160289873e-02
0.640000,0.000000000000000000e+00,0.000000000000000000e+00,2.000001020021791032e-03,1.000000000000000000e+00,0.000000000000000000e+00,0.000000000000000000e+00,0.000000000000000000e+00,-1.234193238068488352e+00,8.675865716208269740e-01,-2.421573824169699130e+00,1.518440000000000012e+00,1.235148767522368907e+00,1.632092694926576618e-02
0.650000,0.000000000000000000e+00,0.000000000000000000e+00,2.000001020021791032e-03,1.000000000000000000e+00,0.000000000000000000e+00,0.000000000000000000e+00,0.000000000000000000e+00,-1.217866403156342869e+00,8.775748432381396125e-01,-2.429997398470888470e+00,1.518440000000000012e+00,1.218774569334768243e+00,1.286598610360078186e-02
0.660000,0.000000000000000000e+00,0.000000000000000000e+00,2.000001020021791032e-03,1.000000000000000000e+00,0.000000000000000000e+00,0.000000000000000000e+00,0.000000000000000000e+00,-1.201079150462742051e+00,8.868487375069409318e-01,-2.436971106069694137e+00,1.518440000000000012e+00,1.201948366839781901e+00,1.040423413309205999e-02
0.670000,0.000000000000000000e+00,0.000000000000000000e+00,2.000001020021791032e-03,1.000000000000000000e+00,0.000000000000000000e+00,0.000000000000000000e+00,0.000000000000000000e+00,-1.183796801749833039e+00,8.957630491817190066e-01,-2.443382545124789029e+00,1.518440000000000012e+00,1.184637745694410604e+00,8.630848743535020004e-03
0.680000,0.000000000000000000e+00,0.000000000000000000e+00,2.000001020021791032e-03,1.000000000000000000e+00,0.000000000000000000e+00,0.000000000000000000e+00,0.000000000000000000e+00,-1.166001935382432908e+00,9.045210721143410737e-01,-2.449739094019405705e+00,1.518440000000000012e+00,1.166824154496885591e+00,7.340054364417369914e-03
0.690000,0.000000000000000000e+00,0.000000000000000000e+00,2.000001020021791032e-03,1.000000000000000000e+00,0.000000000000000000e+00,0.000000000000000000e+00,0.000000000000000000e+00,-1.147681861219853605e+00,9.132415683562203901e-01,-2.456339993682684852e+00,1.518440000000000012e+00,1.148493331010417284e+00,6.397124759768124842e-03
0.700000,0.000000000000000000e+00,0.000000000000000000e+00,2.000001020021791032e-03,1.000000000000000000e+00,0.000000000000000000e+00,0.000000000000000000e+00,0.000000000000000000e+00,-1.128825312742243625e+00,9.219958526502218810e-01,-2.463369029915154940e+00,1.518440000000000012e+00,1.129632748529977082e+00,5.713457014881084990e-03
0.710000,0.000000000000000000e+00,0.000000000000000000e+00,2.000001020021791032e-03,1.000000000000000000e+00,0.000000000000000000e+00,0.000000000000000000e+00,0.000000000000000000e+00,-1.109421825465656042e+00,9.308284789473025844e-01,-2.470945485963066623e+00,1.518440000000000012e+00,1.110231087065616684e+00,5.229130643328251150e-03
0.720000,0.000000000000000000e+00,0.000000000000000000e+00,2.000001020021791032e-03,1.000000000000000000e+00,0.000000000000000000e+00,0.000000000000000000e+00,0.000000000000000000e+00,-1.089461847757006385e+00,9.397688364496461499e-01,-2.479152493318407036e+00,1.518440000000000012e+00,1.090278271970464674e+00,4.901875476154465665e-03
0.730000,0.000000000000000000e+00,0.000000000000000000e+00,2.000001020021791032e-03,1.000000000000000000e+00,0.000000000000000000e+00,0.000000000000000000e+00,0.000000000000000000e+00,-1.068937024177186279e+00,9.488376536144815798e-01,-2.488052876390433266e+00,1.518440000000000012e+00,1.069765670042982508e+00,4.700451110075429262e-03
0.740000,0.000000000000000000e+00,0.000000000000000000e+00,2.000001020021791032e-03,1.000000000000000000e+00,0.000000000000000000e+00,0.000000000000000000e+00,0.000000000000000000e+00,-1.047840505587736448e+00,9.580506168359596009e-01,-2.497697952721389836e+00,1.518440000000000012e+00,1.048686333399520221e+00,4.600783718174369583e-03
0.750000,0.000000000000000000e+00,0.000000000000000000e+00,2.000001020021791032e-03,1.000000000000000000e+00,0.000000000000000000e+00,0.000000000000000000e+00,0.000000000000000000e+00,-1.026167256473827560e+00,9.674203231707019235e-01,-2.508132273279593871e+00,1.518440000000000012e+00,1.027035263330732917e+00,4.583737761732262390e-03
0.760000,0.000000000000000000e+00,0.000000000000000000e+00,2.000001020021791032e-03,1.000000000000000000e+00,0.000000000000000000e+00,0.000000000000000000e+00,0.000000000000000000e+00,-1.003914358242255833e+00,9.769572320810441246e-01,-2.519395919108753823e+00,1.518440000000000012e+00,1.004809686692702764e+00,4.633827813643060130e-03
0.770000,0.000000000000000000e+00,0.000000000000000000e+00,2.000001020021791032e-03,1.000000000000000000e+00,0.000000000000000000e+00,0.000000000000000000e+00,0.000000000000000000e+00,-9.810813110567232487e-01,9.866699627464421418e-01,-2.531525190535248271e+00,1.518440000000000012e+00,9.820093410116129684e-01,4.738461943381347234e-03
0.780000,0.000000000000000000e+00,0.000000000000000000e+00,2.000001020021791032e-03,1.000000000000000000e+00,0.000000000000000000e+00,0.000000000000000000e+00,0.000000000000000000e+00,-9.576703344070067736e-01,9.965650940428434357e-01,-2.544552061103978691e+00,1.518440000000000012e+00,9.586367635369905660e-01,4.887483169663708188e-03
0.790000,0.000000000000000000e+00,0.000000000000000000e+00,2.000001020021791032e-03,1.000000000000000000e+00,0.000000000000000000e+00,0.000000000000000000e+00,0.000000000000000000e+00,-9.336866628134015134e-01,1.006646504805440268e+00,-2.558502473497054286e+00,1.518440000000000012e+00,9.346975768461619483e-01,5.072876301297339977e-03
0.800000,0.000000000000000000e+00,0.000000000000000000e+00,2.000001020021791032e-03,1.000000000000000000e+00,0.000000000000000000e+00,0.000000000000000000e+00,0.000000000000000000e+00,-8.944498494485445539e-01,1.028573682179315663e+00,-2.598914561543714807e+00,1.518440000000000012e+00,8.948375241713777406e-01,5.466709474667123467e-03
0.810000,0.000000000000000000e+00,0.000000000000000000e+00,2.000001020021791032e-03,1.000000000000000000e+00,0.000000000000000000e+00,0.000000000000000000e+00,0.000000000000000000e+00,-8.928134648308213572e-01,1.042410288472610524e+00,-2.604018241518160526e+00,1.518440000000000012e+00,8.931283181538759441e-01,4.574085850470914483e-03
0.820000,0.000000000000000000e+00,0.000000000000000000e+00,2.000001020021791032e-03,1.000000000000000000e+00,0.000000000000000000e+00,0.000000000000000000e+00,0.000000000000000000e+00,-8.910681362624897073e-01,1.056807637836697067e+00,-2.610613879324825692e+00,1.518440000000000012e+00,8.913212483098864602e-01,3.781179167781501330e-03
0.830000,0.000000000000000000e+00,0.000000000000000000e+00,2.000001020021791032e-03,1.000000000000000000e+00,0.000000000000000000e+00,0.000000000000000000e+00,0.000000000000000000e+00,-8.899707817377846553e-01,1.065507054135625964e+00,-2.611937333014740847e+00,1.518440000000000012e+00,8.902215678614714411e-01,3.489052270787402349e-03
0.840000,0.000000000000000000e+00,0.000000000000000000e+00,2.000001020021791032e-03,1.000000000000000000e+00,0.000000000000000000e+00,0.000000000000000000e+00,0.000000000000000000e+00,-8.883544087185448745e-01,1.077608594861466651e+00,-2.615581743875170950e+00,1.518440000000000012e+00,8.885924942947072136e-01,3.135309658606828115e-03
0.850000,0.000000000000000000e+00,0.000000000000000000e+00,2.000001020021791032e-03,1.000000000000000000e+00,0.000000000000000000e+00,0.000000000000000000e+00,0.000000000000000000e+00,-8.864271606945081095e-01,1.091378873057872179e+00,-2.621597492361175341e+00,1.518440000000000012e+00,8.866495051320417708e-01,2.826668564156789489e-03
0.860000,0.000000000000000000e+00,0.000000000000000000e+00,2.000001020021791032e-03,1.000000000000000000e+00,0.000000000000000000e+00,0.000000000000000000e+00,0.000000000000000000e+00,-8.842633073346782835e-01,1.106200007653475925e+00,-2.629778169753186567e+00,1.517773391494714241e+00,8.844722442723661482e-01,2.597201023847539331e-03
0.870000,0.000000000000000000e+00,0.000000000000000000e+00,2.000001020021791032e-03,1.000000000000000000e+00,0.000000000000000000e+00,0.000000000000000000e+00,0.000000000000000000e+00,-8.818799665746975824e-01,1.121776487083344209e+00,-2.639784497356611581e+00,1.514055254417983054e+00,8.820818541252696265e-01,2.483667029016807352e-03
0.880000,0.000000000000000000e+00,0.000000000000000000e+00,2.000001020021791032e-03,1.000000000000000000e+00,0.000000000000000000e+00,0.000000000000000000e+00,0.000000000000000000e+00,-8.792700057317561768e-01,1.137765552828080340e+00,-2.650857997506622432e+00,1.509523844665043191e+00,8.794768610877622406e-01,2.575663987776214293e-03
0.890000,0.000000000000000000e+00,0.000000000000000000e+00,2.000001020021791032e-03,1.000000000000000000e+00,0.000000000000000000e+00,0.000000000000000000e+00,0.000000000000000000e+00,-8.764050088242821834e-01,1.154130816189068875e+00,-2.662945446332664279e+00,1.505026876717587836e+00,8.766273375950356384e-01,2.852261126929876798e-03
0.900000,0.000000000000000000e+00,0.000000000000000000e+00,2.000001020021791032e-03,1.000000000000000000e+00,0.000000000000000000e+00,0.000000000000000000e+00,0.000000000000000000e+00,-8.732480937528844800e-01,1.170913610498799162e+00,-2.676170195768207360e+00,1.500929831360899636e+00,8.734943784428362834e-01,3.288782865127884772e-03
0.910000,0.000000000000000000e+00,0.000000000000000000e+00,2.000001020021791032e-03,1.000000000000000000e+00,0.000000000000000000e+00,0.000000000000000000e+00,0.000000000000000000e+00,-8.697554742225517277e-01,1.188162131662964915e+00,-2.690665800387660234e+00,1.497408262344436247e+00,8.700327747865747030e-01,3.872730142763225730e-03
0.920000,0.000000000000000000e+00,0.000000000000000000e+00,2.000001020021791032e-03,1.000000000000000000e+00,0.000000000000000000e+00,0.000000000000000000e+00,0.000000000000000000e+00,-8.658757258143494617e-01,1.205907195979871505e+00,-2.706519095807643271e+00,1.494540111343948263e+00,8.661901971101050313e-01,4.602639625633996381e-03
0.930000,0.000000000000000000e+00,0.000000000000000000e+00,2.000001020021791032e-03,1.000000000000000000e+00,0.000000000000000000e+00,0.000000000000000000e+00,0.000000000000000000e+00,-8.615485407745335777e-01,1.224150234944776372e+00,-2.723741331635732177e+00,1.492329888904806223e+00,8.619056977501583505e-01,5.485059447960093093e-03
0.940000,0.000000000000000000e+00,0.000000000000000000e+00,2.000001020021791032e-03,1.000000000000000000e+00,0.000000000000000000e+00,0.000000000000000000e+00,0.000000000000000000e+00,-8.567034699048597934e-01,1.242852488558210622e+00,-2.742241177709475508e+00,1.490707137898871659e+00,8.571081725096263426e-01,6.531707568160773948e-03
0.950000,0.000000000000000000e+00,0.000000000000000000e+00,2.000001020021791032e-03,1.000000000000000000e+00,0.000000000000000000e+00,0.000000000000000000e+00,0.000000000000000000e+00,-8.512589779896950759e-01,1.261922428074242486e+00,-2.761792742466051997e+00,1.489514193614491333e+00,8.517150775119122219e-01,7.756312511603461433e-03
0.960000,0.000000000000000000e+00,0.000000000000000000e+00,2.000001020021791032e-03,1.000000000000000000e+00,0.000000000000000000e+00,0.000000000000000000e+00,0.000000000000000000e+00,-8.451222614963684876e-01,1.281202614773450987e+00,-2.782001938377914207e+00,1.488491865621051957e+00,8.456318023928919292e-01,9.170414783351022933e-03
0.970000,0.000000000000000000e+00,0.000000000000000000e+00,2.000001020021791032e-03,1.000000000000000000e+00,0.000000000000000000e+00,0.000000000000000000e+00,0.000000000000000000e+00,-8.339734600022122857e-01,1.309710537722017287e+00,-2.817247695163208387e+00,1.492158228052002045e+00,8.345339552396496829e-01,1.136765154262868449e-02
0.980000,0.000000000000000000e+00,0.000000000000000000e+00,2.000001020021791032e-03,1.000000000000000000e+00,0.000000000000000000e+00,0.000000000000000000e+00,0.000000000000000000e+00,-8.162672472305374516e-01,1.347910397139078453e+00,-2.879789999999999850e+00,1.516803748236776217e+00,8.168789713535374863e-01,1.292518681863398695e-02
0.990000,0.000000000000000000e+00,0.000000000000000000e+00,2.000001020021791032e-03,1.000000000000000000e+00,0.000000000000000000e+00,0.000000000000000000e+00,0.000000000000000000e+00,-8.030850079331909308e-01,1.359256411554140342e+00,-2.879789999999999850e+00,1.502916436910749054e+00,8.037527758732825323e-01,1.497033767466062967e-02
1.000000,0.000000000000000000e+00,0.000000000000000000e+00,2.000001020021791032e-03,1.000000000000000000e+00,0.000000000000000000e+00,0.000000000000000000e+00,0.000000000000000000e+00,-7.868698885521304698e-01,1.370552024122868584e+00,-2.879789999999999850e+00,1.489124806467167161e+00,7.875714843276754307e-01,1.689954608120904089e-02
