0.000000,0.000000000000000000e+00,0.000000000000000000e+00,2.000001020021791032e-03,1.000000000000000000e+00,0.000000000000000000e+00,0.000000000000000000e+00,0.000000000000000000e+00,-1.220006419405992304e+00,8.500104462048374554e-01,-2.339492975452920120e+00,1.460339694537043265e+00,1.220720247833447791e+00,2.907576880854694304e-02
0.010000,0.000000000000000000e+00,0.000000000000000000e+00,2.000001020021791032e-03,1.000000000000000000e+00,0.000000000000000000e+00,0.000000000000000000e+00,0.000000000000000000e+00,-1.213839318597084604e+00,6.585952572261138949e-01,-1.917900869646977480e+00,1.256926414945617854e+00,1.213428077554108420e+00,-9.250545398826300753e-03
0.020000,0.000000000000000000e+00,0.000000000000000000e+00,2.000001020021791032e-03,1.000000000000000000e+00,0.000000000000000000e+00,0.000000000000000000e+00,0.000000000000000000e+00,-1.201640347650823504e+00,4.875542998034867459e-01,-1.547317030514042235e+00,1.057288711086810551e+00,1.201265711617552023e+00,-5.246528994692361766e-03
0.030000,0.000000000000000000e+00,0.000000000000000000e+00,2.000001020021791032e-03,1.000000000000000000e+00,0.000000000000000000e+00,0.000000000000000000e+00,0.000000000000000000e+00,-1.186284927217527096e+00,3.415106789912395469e-01,-1.239946736842845176e+00,9.027923320084613179e-01,1.186054881940765915e+00,-1.507102277799553941e-03
0.040000,0.000000000000000000e+00,0.000000000000000000e+00,2.000001020021791032e-03,1.000000000000000000e+00,0.000000000000000000e+00,0.000000000000000000e+00,0.000000000000000000e+00,-1.171591216983694173e+00,2.148738598825831181e-01,-9.887017276984988445e-01,7.839282691091108424e-01,1.171414288978146701e+00,7.538339941387493803e-04
0.050000,0.000000000000000000e+00,0.000000000000000000e+00,2.000001020021791032e-03,1.000000000000000000e+00,0.000000000000000000e+00,0.000000000000000000e+00,0.000000000000000000e+00,-1.163118847982396842e+00,1.104021623465944457e-01,-7.895268775366466318e-01,6.945612385734324379e-01,1.162956468387902120e+00,2.285440939228023174e-03
0.060000,0.000000000000000000e+00,0.000000000000000000e+00,2.000001020021791032e-03,1.000000000000000000e+00,0.000000000000000000e+00,0.000000000000000000e+00,0.000000000000000000e+00,-1.167687613914550893e+00,3.578797493659408718e-02,-6.425211311512637469e-01,6.293857687646967625e-01,1.167479153355167831e+00,2.771614206859411914e-03
0.070000,0.000000000000000000e+00,0.000000000000000000e+00,2.000001020021791032e-03,1.000000000000000000e+00,0.000000000000000000e+00,0.000000000000000000e+00,0.000000000000000000e+00,-1.191144590985910856e+00,3.854948020052460962e-03,-5.508388461681636983e-01,5.823181598208453380e-01,1.190719345212871705e+00,1.147755846578701975e-03
0.080000,0.000000000000000000e+00,0.000000000000000000e+00,2.000001020021791032e-03,1.000000000000000000e+00,0.000000000000000000e+00,0.000000000000000000e+00,0.000000000000000000e+00,-1.278075961056504450e+00,2.420969752743676318e-02,-5.325008003914573074e-01,5.488715367039141979e-01,1.199806085942041189e+00,1.253451412625510844e-03
0.090000,0.000000000000000000e+00,0.000000000000000000e+00,2.000001020021791032e-03,1.000000000000000000e+00,0.000000000000000000e+00,0.000000000000000000e+00,0.000000000000000000e+00,-1.435859008214154908e+00,1.083281507279391653e-01,-6.114858756775816140e-01,5.470112083846409012e-01,1.273383167480610201e+00,-3.377801507296942889e-03
0.100000,0.000000000000000000e+00,0.000000000000000000e+00,2.000001020021791032e-03,1.000000000000000000e+00,0.000000000000000000e+00,0.000000000000000000e+00,0.000000000000000000e+00,-1.630420953391995331e+00,2.102555189770629607e-01,-7.697654480266868937e-01,6.201061230677640257e-01,1.343900000000000095e+00,-1.916925133191162145e-02
0.110000,0.000000000000000000e+00,0.000000000000000000e+00,2.000001020021791032e-03,1.000000000000000000e+00,0.000000000000000000e+00,0.000000000000000000e+00,0.000000000000000000e+00,-1.788002300247320875e+00,3.169033740430143298e-01,-9.845483541976196573e-01,7.918291590304167293e-01,1.343900000000000095e+00,-8.533609081529096307e-02
0.120000,0.000000000000000000e+00,0.000000000000000000e+00,2.000001020021791032e-03,1.000000000000000000e+00,0.000000000000000000e+00,0.000000000000000000e+00,0.000000000000000000e+00,-1.869686979067221699e+00,3.921649963390029248e-01,-1.159120416980815582e+00,8.919011807676688885e-01,1.343900000000000095e+00,-8.679201552609189241e-02
0.130000,0.000000000000000000e+00,0.000000000000000000e+00,2.000001020021791032e-03,1.000000000000000000e+00,0.000000000000000000e+00,0.000000000000000000e+00,0.000000000000000000e+00,-1.874033311448331629e+00,4.150342810063609722e-01,-1.229861802717564290e+00,9.014217110144288059e-01,1.343900000000000095e+00,-4.896032516639646504e-02
0.140000,0.000000000000000000e+00,0.000000000000000000e+00,2.000001020021791032e-03,1.000000000000000000e+00,0.000000000000000000e+00,0.000000000000000000e+00,0.000000000000000000e+00,-1.823247863152041237e+00,4.153018599537714461e-01,-1.233181288673127929e+00,8.998380860142658477e-01,1.297436812965804931e+00,-4.295144979902050519e-02
0.150000,0.000000000000000000e+00,0.000000000000000000e+00,2.000001020021791032e-03,1.000000000000000000e+00,0.000000000000000000e+00,0.000000000000000000e+00,0.000000000000000000e+00,-1.682039530567960961e+00,3.879807051704504128e-01,-1.202113990313874892e+00,8.817824286082858176e-01,1.160731194660483911e+00,-2.515190649511450660e-02
0.160000,0.000000000000000000e+00,0.000000000000000000e+00,2.000001020021791032e-03,1.000000000000000000e+00,0.000000000000000000e+00,0.000000000000000000e+00,0.000000000000000000e+00,-1.534010854482630970e+00,3.409253014582532826e-01,-1.155929493910293981e+00,8.727534775008969348e-01,1.017880642205498898e+00,-1.155973677672918198e-02
0.170000,0.000000000000000000e+00,0.000000000000000000e+00,2.000001020021791032e-03,1.000000000000000000e+00,0.000000000000000000e+00,0.000000000000000000e+00,0.000000000000000000e+00,-1.381271512580011240e+00,2.784337606475109639e-01,-1.111800127330377030e+00,8.857934045002199275e-01,8.704970369812972120e-01,-1.830905412545344316e-03
0.180000,0.000000000000000000e+00,0.000000000000000000e+00,2.000001020021791032e-03,1.000000000000000000e+00,0.000000000000000000e+00,0.000000000000000000e+00,0.000000000000000000e+00,-1.235825804978114784e+00,2.061993384054686407e-01,-1.080662870894024907e+00,9.249366137465673265e-01,7.302838686394115264e-01,5.121069250276664639e-03
0.190000,0.000000000000000000e+00,0.000000000000000000e+00,2.000001020021791032e-03,1.000000000000000000e+00,0.000000000000000000e+00,0.000000000000000000e+00,0.000000000000000000e+00,-1.109143984428516694e+00,1.326910680426746647e-01,-1.067494585117203520e+00,9.855456092424111914e-01,6.104459370473698243e-01,1.016617037312581712e-02
0.200000,0.000000000000000000e+00,0.000000000000000000e+00,2.000001020021791032e-03,1.000000000000000000e+00,0.000000000000000000e+00,0.000000000000000000e+00,0.000000000000000000e+00,-1.021608364007359437e+00,7.195355684415224995e-02,-1.069076033691146455e+00,1.048998314450354075e+00,5.272033567653381381e-01,1.372715836347794018e-02
0.210000,0.000000000000000000e+00,0.000000000000000000e+00,2.000001020021791032e-03,1.000000000000000000e+00,0.000000000000000000e+00,0.000000000000000000e+00,0.000000000000000000e+00,-9.447725967543620929e-01,2.271882610015962117e-02,-1.085224195016216697e+00,1.116739014797492269e+00,4.552554102391097035e-01,1.645722090602593293e-02
0.220000,0.000000000000000000e+00,0.000000000000000000e+00,2.000001020021791032e-03,1.000000000000000000e+00,0.000000000000000000e+00,0.000000000000000000e+00,0.000000000000000000e+00,-8.888297169072688630e-01,0.000000000000000000e+00,-1.109313864930477678e+00,1.170210673801731494e+00,4.060540284814955769e-01,1.826897432020421416e-02
0.230000,0.000000000000000000e+00,0.000000000000000000e+00,2.000001020021791032e-03,1.000000000000000000e+00,0.000000000000000000e+00,0.000000000000000000e+00,0.000000000000000000e+00,-8.607554378672082063e-01,0.000000000000000000e+00,-1.127678181355444398e+00,1.189125055992537261e+00,3.822579406118677969e-01,1.913991357538224330e-02
0.240000,0.000000000000000000e+00,0.000000000000000000e+00,2.000001020021791032e-03,1.000000000000000000e+00,0.000000000000000000e+00,0.000000000000000000e+00,0.000000000000000000e+00,-8.348097641943033054e-01,1.818522089143036202e-02,-1.150658619131270655e+00,1.192464253483653369e+00,3.612279511281273336e-01,2.031135780360800863e-02
0.250000,0.000000000000000000e+00,0.000000000000000000e+00,2.000001020021791032e-03,1.000000000000000000e+00,0.000000000000000000e+00,0.000000000000000000e+00,0.000000000000000000e+00,-8.024263772058406463e-01,6.027810639608657123e-02,-1.189035100858212068e+00,1.186733431160153174e+00,3.353200423920068007e-01,2.176476821416635163e-02
0.260000,0.000000000000000000e+00,0.000000000000000000e+00,2.000001020021791032e-03,1.000000000000000000e+00,0.000000000000000000e+00,0.000000000000000000e+00,0.000000000000000000e+00,-7.787624130988334281e-01,1.078898935942335796e-01,-1.226911028022585892e+00,1.175168027178143060e+00,3.169829746107687973e-01,2.282957643549027651e-02
0.270000,0.000000000000000000e+00,0.000000000000000000e+00,2.000001020021791032e-03,1.000000000000000000e+00,0.000000000000000000e+00,0.000000000000000000e+00,0.000000000000000000e+00,-7.566458513663157914e-01,1.635695616217985038e-01,-1.271389387146127925e+00,1.162084856841953284e+00,3.001388144494554489e-01,2.378448464554748162e-02
0.280000,0.000000000000000000e+00,0.000000000000000000e+00,2.000001020021791032e-03,1.000000000000000000e+00,0.000000000000000000e+00,0.000000000000000000e+00,0.000000000000000000e+00,-7.348928893515828120e-01,2.262572300687822335e-01,-1.324230461453514307e+00,1.150334847032969066e+00,2.836607611825004427e-01,2.466518232103934866e-02
0.290000,0.000000000000000000e+00,0.000000000000000000e+00,2.000001020021791032e-03,1.000000000000000000e+00,0.000000000000000000e+00,0.000000000000000000e+00,0.000000000000000000e+00,-7.129878749682722061e-01,2.946129905835360163e-01,-1.386279064938582772e+00,1.142107969787542476e+00,2.670326841987235023e-01,2.549376010357604430e-02
0.300000,0.000000000000000000e+00,0.000000000000000000e+00,2.000001020021791032e-03,1.000000000000000000e+00,0.000000000000000000e+00,0.000000000000000000e+00,0.000000000000000000e+00,-6.904937683727740971e-01,3.673815660674797368e-01,-1.458012940816010738e+00,1.139134534070989302e+00,2.498163223808612665e-01,2.628912076718081109e-02
0.310000,0.000000000000000000e+00,0.000000000000000000e+00,2.000001020021791032e-03,1.000000000000000000e+00,0.000000000000000000e+00,0.000000000000000000e+00,0.000000000000000000e+00,-6.669743935693376313e-01,4.430079805179932828e-01,-1.538918570241364803e+00,1.142582904818674194e+00,2.315758013650991431e-01,2.707470228172779297e-02
0.320000,0.000000000000000000e+00,0.000000000000000000e+00,2.000001020021791032e-03,1.000000000000000000e+00,0.000000000000000000e+00,0.000000000000000000e+00,0.000000000000000000e+00,-6.419388456254970787e-01,5.206636450458340670e-01,-1.627587024298187135e+00,1.153113688306129259e+00,2.118225763397383887e-01,2.790099462343656120e-02
0.330000,0.000000000000000000e+00,0.000000000000000000e+00,2.000001020021791032e-03,1.000000000000000000e+00,0.000000000000000000e+00,0.000000000000000000e+00,0.000000000000000000e+00,-6.148867030165026115e-01,5.998347291848710183e-01,-1.724889758915314042e+00,1.171226113805769797e+00,1.900522383050214370e-01,2.876969405910613509e-02
0.340000,0.000000000000000000e+00,0.000000000000000000e+00,2.000001020021791032e-03,1.000000000000000000e+00,0.000000000000000000e+00,0.000000000000000000e+00,0.000000000000000000e+00,-5.821573857639906757e-01,6.890421284014790482e-01,-1.850540469477959249e+00,1.204386757658526319e+00,1.628637072194334123e-01,2.948771567989702871e-02
0.350000,0.000000000000000000e+00,0.000000000000000000e+00,2.000001020021791032e-03,1.000000000000000000e+00,0.000000000000000000e+00,0.000000000000000000e+00,0.000000000000000000e+00,-5.521517341896980957e-01,7.634008661392372996e-01,-1.952247362164540867e+00,1.233194883353002647e+00,1.378639074576337997e-01,3.043804351647777170e-02
0.360000,0.000000000000000000e+00,0.000000000000000000e+00,2.000001020021791032e-03,1.000000000000000000e+00,0.000000000000000000e+00,0.000000000000000000e+00,0.000000000000000000e+00,-5.120357656144649550e-01,8.508270315371907477e-01,-2.091858259868248915e+00,1.281721701905961019e+00,1.032701714283893180e-01,3.127398236008926274e-02
0.370000,0.000000000000000000e+00,0.000000000000000000e+00,2.000001020021791032e-03,1.000000000000000000e+00,0.000000000000000000e+00,0.000000000000000000e+00,0.000000000000000000e+00,-4.749869126277230236e-01,9.211778724077579472e-01,-2.200106790415596869e+00,1.320169383927080053e+00,7.120676543814301318e-02,3.225751066384928423e-02
0.380000,0.000000000000000000e+00,0.000000000000000000e+00,2.000001020021791032e-03,1.000000000000000000e+00,0.000000000000000000e+00,0.000000000000000000e+00,0.000000000000000000e+00,-4.245605051127265273e-01,1.003868489751779780e+00,-2.346357195147128039e+00,1.379523849214125741e+00,2.629092659045956584e-02,3.313260438105119360e-02
0.390000,0.000000000000000000e+00,0.000000000000000000e+00,2.000001020021791032e-03,1.000000000000000000e+00,0.000000000000000000e+00,0.000000000000000000e+00,0.000000000000000000e+00,-3.792229331657970270e-01,1.063300149683535034e+00,-2.447838280396369637e+00,1.418472413384415098e+00,-1.411288900291196927e-02,3.387753262425414330e-02
0.400000,0.000000000000000000e+00,0.000000000000000000e+00,2.000001020021791032e-03,1.000000000000000000e+00,0.000000000000000000e+00,0.000000000000000000e+00,0.000000000000000000e+00,-3.252733027191025972e-01,1.115824463421482227e+00,-2.540783657418449692e+00,1.454033209778960112e+00,-6.288128873706050337e-02,3.450007605825149148e-02
0.410000,0.000000000000000000e+00,0.000000000000000000e+00,2.000001020021791032e-03,1.000000000000000000e+00,0.000000000000000000e+00,0.000000000000000000e+00,0.000000000000000000e+00,-2.662712232578131610e-01,1.149062562651509634e+00,-2.592457349786246201e+00,1.472047544963724475e+00,-1.166788102191270854e-01,3.533287776256171381e-02
0.420000,0.000000000000000000e+00,0.000000000000000000e+00,2.000001020021791032e-03,1.000000000000000000e+00,0.000000000000000000e+00,0.000000000000000000e+00,0.000000000000000000e+00,-1.957134095702333099e-01,1.144703742131388591e+00,-2.555822772788030939e+00,1.449074974897222479e+00,-1.805067710043951612e-01,4.042756421450342807e-02
0.430000,0.000000000000000000e+00,0.000000000000000000e+00,2.000001020021791032e-03,1.000000000000000000e+00,0.000000000000000000e+00,0.000000000000000000e+00,0.000000000000000000e+00,-8.238017411650809529e-02,1.064102939589166352e+00,-2.341315865702412236e+00,1.313739273012640707e+00,-2.862786913740976158e-01,4.851813982599855607e-02
0.440000,0.000000000000000000e+00,0.000000000000000000e+00,2.000001020021791032e-03,1.000000000000000000e+00,0.000000000000000000e+00,0.000000000000000000e+00,0.000000000000000000e+00,4.757036493097310109e-02,9.671565719716708198e-01,-2.083841050668731931e+00,1.155166415617279174e+00,-4.092136908914623117e-01,5.708103577229482750e-02
0.450000,0.000000000000000000e+00,0.000000000000000000e+00,2.000001020021791032e-03,1.000000000000000000e+00,0.000000000000000000e+00,0.000000000000000000e+00,0.000000000000000000e+00,1.997059384676490856e-01,8.797680168930582800e-01,-1.849444846748977689e+00,1.020039507676973711e+00,-5.543549257213721271e-01,6.889403739177010766e-02
0.460000,0.000000000000000000e+00,0.000000000000000000e+00,2.000001020021791032e-03,1.000000000000000000e+00,0.000000000000000000e+00,0.000000000000000000e+00,0.000000000000000000e+00,3.600847766032129194e-01,7.968785695028897109e-01,-1.648837372580856053e+00,9.074083507667028980e-01,-7.076068086576063898e-01,8.429281946858899199e-02
0.470000,0.000000000000000000e+00,0.000000000000000000e+00,2.000001020021791032e-03,1.000000000000000000e+00,0.000000000000000000e+00,0.000000000000000000e+00,0.000000000000000000e+00,5.347185205161023580e-01,7.162014662364665218e-01,-1.454601922586610918e+00,8.121254206118307950e-01,-8.751644999538821246e-01,1.068440545739825220e-01
0.480000,0.000000000000000000e+00,0.000000000000000000e+00,2.000001020021791032e-03,1.000000000000000000e+00,0.000000000000000000e+00,0.000000000000000000e+00,0.000000000000000000e+00,7.055560943719861866e-01,6.402427876022286357e-01,-1.278594447907501541e+00,7.438083467218572498e-01,-1.038007924283592009e+00,1.410048019444766210e-01
0.490000,0.000000000000000000e+00,0.000000000000000000e+00,2.000001020021791032e-03,1.000000000000000000e+00,0.000000000000000000e+00,0.000000000000000000e+00,0.000000000000000000e+00,8.386492488514459831e-01,5.724371306692611627e-01,-1.136628592360948042e+00,7.049479989603680830e-01,-1.162887007373376358e+00,1.854218418622229636e-01
0.500000,0.000000000000000000e+00,0.000000000000000000e+00,2.000001020021791032e-03,1.000000000000000000e+00,0.000000000000000000e+00,0.000000000000000000e+00,0.000000000000000000e+00,9.535337530318699351e-01,5.139683641865558927e-01,-1.005662066566858082e+00,6.943448028540298855e-01,-1.268808954055443472e+00,2.487129501750976190e-01
0.510000,0.000000000000000000e+00,0.000000000000000000e+00,2.000001020021791032e-03,1.000000000000000000e+00,0.000000000000000000e+00,0.000000000000000000e+00,0.000000000000000000e+00,1.029420972203581863e+00,4.702311393510720250e-01,-8.981157196994759007e-01,7.015809336229088533e-01,-1.334510145470095166e+00,3.214939631924735308e-01
0.520000,0.000000000000000000e+00,0.000000000000000000e+00,2.000001020021791032e-03,1.000000000000000000e+00,0.000000000000000000e+00,0.000000000000000000e+00,0.000000000000000000e+00,1.059314853573561255e+00,4.436613835285204699e-01,-8.176810240074102731e-01,6.958499923663441500e-01,-1.343900000000000095e+00,3.721433799139779453e-01
0.530000,0.000000000000000000e+00,0.000000000000000000e+00,2.000001020021791032e-03,1.000000000000000000e+00,0.000000000000000000e+00,0.000000000000000000e+00,0.000000000000000000e+00,1.061803073456709212e+00,4.320028564779062608e-01,-7.473583740539068154e-01,6.637751933195321641e-01,-1.343900000000000095e+00,3.983427385346947069e-01
0.540000,0.000000000000000000e+00,0.000000000000000000e+00,2.000001020021791032e-03,1.000000000000000000e+00,0.000000000000000000e+00,0.000000000000000000e+00,0.000000000000000000e+00,1.033630368907495267e+00,4.331030876742282265e-01,-6.868254703761141888e-01,5.929775879874421562e-01,-1.317273641656861338e+00,3.888065768401033351e-01
0.550000,0.000000000000000000e+00,0.000000000000000000e+00,2.000001020021791032e-03,1.000000000000000000e+00,0.000000000000000000e+00,0.000000000000000000e+00,0.000000000000000000e+00,8.807209133592486250e-01,4.260458901883506511e-01,-5.954206646997766139e-01,3.871246981836963807e-01,-1.164058896169717583e+00,2.619448509816627579e-01
0.560000,0.000000000000000000e+00,0.000000000000000000e+00,2.000001020021791032e-03,1.000000000000000000e+00,0.000000000000000000e+00,0.000000000000000000e+00,0.000000000000000000e+00,5.524046819476480241e-01,4.255855043937654125e-01,-5.214540108989514922e-01,2.231909141914213413e-01,-8.341292898277261614e-01,1.573259964978263870e-01
0.570000,0.000000000000000000e+00,0.000000000000000000e+00,2.000001020021791032e-03,1.000000000000000000e+00,0.000000000000000000e+00,0.000000000000000000e+00,0.000000000000000000e+00,9.554554508897081244e-02,4.145840037379741605e-01,-4.792443485745910836e-01,1.599959553071798324e-01,-3.740510659561577800e-01,9.927615275138533535e-02
0.580000,0.000000000000000000e+00,0.000000000000000000e+00,2.000001020021791032e-03,1.000000000000000000e+00,0.000000000000000000e+00,0.000000000000000000e+00,0.000000000000000000e+00,-3.743984599862259510e-01,3.703521820001793863e-01,-4.690410114077658288e-01,1.914460959591547939e-01,9.817751055082590828e-02,5.668470682742170197e-02
0.590000,0.000000000000000000e+00,0.000000000000000000e+00,2.000001020021791032e-03,1.000000000000000000e+00,0.000000000000000000e+00,0.000000000000000000e+00,0.000000000000000000e+00,-6.860475773542320521e-01,3.016347666021119700e-01,-4.854040636691192567e-01,2.885595119889646232e-01,4.121205196172639251e-01,2.501227643053434424e-02
0.600000,0.000000000000000000e+00,0.000000000000000000e+00,2.000001020021791032e-03,1.000000000000000000e+00,0.000000000000000000e+00,0.000000000000000000e+00,0.000000000000000000e+00,-8.487501622836384207e-01,2.276408440164982561e-01,-5.173605599688216872e-01,4.062200513084587294e-01,5.770681585955775850e-01,3.947992609016154342e-03
0.610000,0.000000000000000000e+00,0.000000000000000000e+00,2.000001020021791032e-03,1.000000000000000000e+00,0.000000000000000000e+00,0.000000000000000000e+00,0.000000000000000000e+00,-9.843158849230302376e-01,1.514453727775385838e-01,-5.682169083002994725e-01,5.467302008155788817e-01,7.156243232731585024e-01,-1.745295161750801474e-02
0.620000,0.000000000000000000e+00,0.000000000000000000e+00,2.000001020021791032e-03,1.000000000000000000e+00,0.000000000000000000e+00,0.000000000000000000e+00,0.000000000000000000e+00,-1.056481984536568275e+00,8.878764417702832146e-02,-6.234577335270913290e-01,6.587302008155788702e-01,7.919458829850871684e-01,-3.193276982392979219e-02
0.630000,0.000000000000000000e+00,0.000000000000000000e+00,2.000001020021791032e-03,1.000000000000000000e+00,0.000000000000000000e+00,0.000000000000000000e+00,0.000000000000000000e+00,-1.109608406458765906e+00,3.090316096644772637e-02,-6.998330056220432027e-01,8.182986897474844312e-01,8.495360139413115075e-01,-4.896192181194343462e-02
0.640000,0.000000000000000000e+00,0.000000000000000000e+00,2.000001020021791032e-03,1.000000000000000000e+00,0.000000000000000000e+00,0.000000000000000000e+00,0.000000000000000000e+00,-1.141325944480884536e+00,0.000000000000000000e+00,-7.765285377072510542e-01,9.579957930532030375e-01,8.846969197793823625e-01,-6.320472632235753230e-02
0.650000,0.000000000000000000e+00,0.000000000000000000e+00,2.000001020021791032e-03,1.000000000000000000e+00,0.000000000000000000e+00,0.000000000000000000e+00,0.000000000000000000e+00,-1.165095014689045083e+00,0.000000000000000000e+00,-8.600893848555957177e-01,1.091834401706441415e+00,9.118770281317855053e-01,-7.883829091899154096e-02
0.660000,0.000000000000000000e+00,0.000000000000000000e+00,2.000001020021791032e-03,1.000000000000000000e+00,0.000000000000000000e+00,0.000000000000000000e+00,0.000000000000000000e+00,-1.180853079570554076e+00,0.000000000000000000e+00,-9.386369713469067122e-01,1.197151497743118798e+00,9.313850697341647944e-01,-8.911569282648232337e-02
0.670000,0.000000000000000000e+00,0.000000000000000000e+00,2.000001020021791032e-03,1.000000000000000000e+00,0.000000000000000000e+00,0.000000000000000000e+00,0.000000000000000000e+00,-1.192215005458918453e+00,0.000000000000000000e+00,-1.015742769708587678e+00,1.289920638162290079e+00,9.465079451166193980e-01,-9.833096796649205829e-02
0.680000,0.000000000000000000e+00,0.000000000000000000e+00,2.000001020021791032e-03,1.000000000000000000e+00,0.000000000000000000e+00,0.000000000000000000e+00,0.000000000000000000e+00,-1.200208793864018464e+00,0.000000000000000000e+00,-1.089267412113959610e+00,1.369518657520023996e+00,9.582797017624399283e-01,-1.066007363200043301e-01
0.690000,0.000000000000000000e+00,0.000000000000000000e+00,2.000001020021791032e-03,1.000000000000000000e+00,0.000000000000000000e+00,0.000000000000000000e+00,0.000000000000000000e+00,-1.205484514038069221e+00,0.000000000000000000e+00,-1.156742779932741882e+00,1.435035249159873905e+00,9.673576199056647118e-01,-1.140005208556297001e-01
0.700000,0.000000000000000000e+00,0.000000000000000000e+00,2.000001020021791032e-03,1.000000000000000000e+00,0.000000000000000000e+00,0.000000000000000000e+00,0.000000000000000000e+00,-1.208428881568306412e+00,0.000000000000000000e+00,-1.215449359310595723e+00,1.485206161476064546e+00,9.741367963336068359e-01,-1.205586122013584394e-01
0.710000,0.000000000000000000e+00,0.000000000000000000e+00,2.000001020021791032e-03,1.000000000000000000e+00,0.000000000000000000e+00,0.000000000000000000e+00,0.000000000000000000e+00,-1.208685607000518525e+00,0.000000000000000000e+00,-1.245862683397239268e+00,1.505185494224743348e+00,9.772958894667139740e-01,-1.227680492823724073e-01
0.720000,0.000000000000000000e+00,0.000000000000000000e+00,2.000001020021791032e-03,1.000000000000000000e+00,0.000000000000000000e+00,0.000000000000000000e+00,0.000000000000000000e+00,-1.207722548264149376e+00,1.654603558693706900e-02,-1.280025747249591062e+00,1.517081872680360766e+00,9.806538926013245172e-01,-1.261093969021226113e-01
0.730000,0.000000000000000000e+00,0.000000000000000000e+00,2.000001020021791032e-03,1.000000000000000000e+00,0.000000000000000000e+00,0.000000000000000000e+00,0.000000000000000000e+00,-1.204927708584655255e+00,4.428783911382360577e-02,-1.311916567881319384e+00,1.518252755886409178e+00,9.826347824938511666e-01,-1.296041817309866451e-01
0.740000,0.000000000000000000e+00,0.000000000000000000e+00,2.000001020021791032e-03,1.000000000000000000e+00,0.000000000000000000e+00,0.000000000000000000e+00,0.000000000000000000e+00,-1.198599807706571152e+00,9.093065132228518588e-02,-1.351624013545820180e+00,1.508322442783361250e+00,9.826940729164763688e-01,-1.338568606117409299e-01
0.750000,0.000000000000000000e+00,0.000000000000000000e+00,2.000001020021791032e-03,1.000000000000000000e+00,0.000000000000000000e+00,0.000000000000000000e+00,0.000000000000000000e+00,-1.190739646488427006e+00,1.356532015905428934e-01,-1.379633270669565981e+00,1.488231773278055670e+00,9.800505276120168308e-01,-1.357747574297174242e-01
0.760000,0.000000000000000000e+00,0.000000000000000000e+00,2.000001020021791032e-03,1.000000000000000000e+00,0.000000000000000000e+00,0.000000000000000000e+00,0.000000000000000000e+00,-1.180613997054241970e+00,1.849148253690724442e-01,-1.406527239786573791e+00,1.461432376781162334e+00,9.751260607223470878e-01,-1.363551226894226809e-01
0.770000,0.000000000000000000e+00,0.000000000000000000e+00,2.000001020021791032e-03,1.000000000000000000e+00,0.000000000000000000e+00,0.000000000000000000e+00,0.000000000000000000e+00,-1.167988953256066775e+00,2.390983508691807979e-01,-1.435499428345603068e+00,1.430862216359599204e+00,9.677699036879168215e-01,-1.358488615821923928e-01
0.780000,0.000000000000000000e+00,0.000000000000000000e+00,2.000001020021791032e-03,1.000000000000000000e+00,0.000000000000000000e+00,0.000000000000000000e+00,0.000000000000000000e+00,-1.152583989685167065e+00,2.978715365824005090e-01,-1.468659306266434150e+00,1.399013346306605676e+00,9.577041119929844415e-01,-1.343011471334881468e-01
0.790000,0.000000000000000000e+00,0.000000000000000000e+00,2.000001020021791032e-03,1.000000000000000000e+00,0.000000000000000000e+00,0.000000000000000000e+00,0.000000000000000000e+00,-1.134028860526466342e+00,3.607535815916539934e-01,-1.507815102882466896e+00,1.368193838427888442e+00,9.445566076832188074e-01,-1.317118354412920855e-01
0.800000,0.000000000000000000e+00,0.000000000000000000e+00,2.000001020021791032e-03,1.000000000000000000e+00,0.000000000000000000e+00,0.000000000000000000e+00,0.000000000000000000e+00,-1.111859347803517473e+00,4.271970228133620817e-01,-1.554548847798274513e+00,1.340560135515440843e+00,9.278606618477217571e-01,-1.280822923195222285e-01
0.810000,0.000000000000000000e+00,0.000000000000000000e+00,2.000001020021791032e-03,1.000000000000000000e+00,0.000000000000000000e+00,0.000000000000000000e+00,0.000000000000000000e+00,-1.085518348844094261e+00,4.966350287078208359e-01,-1.610229455397828691e+00,1.318099442318414027e+00,9.070553415060065294e-01,-1.234324806497211491e-01
0.820000,0.000000000000000000e+00,0.000000000000000000e+00,2.000001020021791032e-03,1.000000000000000000e+00,0.000000000000000000e+00,0.000000000000000000e+00,0.000000000000000000e+00,-1.054367639465500606e+00,5.685381799513808954e-01,-1.676056552450297055e+00,1.302626239687079135e+00,8.814965366335322239e-01,-1.178115763015189360e-01
0.830000,0.000000000000000000e+00,0.000000000000000000e+00,2.000001020021791032e-03,1.000000000000000000e+00,0.000000000000000000e+00,0.000000000000000000e+00,0.000000000000000000e+00,-1.017722545268530343e+00,6.424820213776294420e-01,-1.753155403390008304e+00,1.295815870607003983e+00,8.504908766862948610e-01,-1.113073823172439775e-01
0.840000,0.000000000000000000e+00,0.000000000000000000e+00,2.000001020021791032e-03,1.000000000000000000e+00,0.000000000000000000e+00,0.000000000000000000e+00,0.000000000000000000e+00,-9.748296599261894180e-01,7.179516489181220207e-01,-1.840440246985800998e+00,1.298860704790180565e+00,8.132979776970665764e-01,-1.038644576006203940e-01
0.850000,0.000000000000000000e+00,0.000000000000000000e+00,2.000001020021791032e-03,1.000000000000000000e+00,0.000000000000000000e+00,0.000000000000000000e+00,0.000000000000000000e+00,-9.251227469744888188e-01,7.947286858241114915e-01,-1.939518947241371416e+00,1.313233479442182938e+00,7.693370094401907888e-01,-9.560906095996450638e-02
0.860000,0.000000000000000000e+00,0.000000000000000000e+00,2.000001020021791032e-03,1.000000000000000000e+00,0.000000000000000000e+00,0.000000000000000000e+00,0.000000000000000000e+00,-8.615660314727748847e-01,8.832722662426402138e-01,-2.077847653412626006e+00,1.351112257112516479e+00,7.116035111255478718e-01,-8.728669337083277968e-02
0.870000,0.000000000000000000e+00,0.000000000000000000e+00,2.000001020021791032e-03,1.000000000000000000e+00,0.000000000000000000e+00,0.000000000000000000e+00,0.000000000000000000e+00,-7.974394958752319962e-01,9.694870955608216878e-01,-2.223362010501892971e+00,1.402374535383259957e+00,6.531255677958005545e-01,-7.918565494290341622e-02
0.880000,0.000000000000000000e+00,0.000000000000000000e+00,2.000001020021791032e-03,1.000000000000000000e+00,0.000000000000000000e+00,0.000000000000000000e+00,0.000000000000000000e+00,-7.261874708050517491e-01,1.070551753933310035e+00,-2.420485949444524998e+00,1.487976266334654074e+00,5.875007020754552389e-01,-7.163260358312978360e-02
