0.000000,0.000000000000000000e+00,0.000000000000000000e+00,2.000001020021791032e-03,1.000000000000000000e+00,0.000000000000000000e+00,0.000000000000000000e+00,0.000000000000000000e+00,2.704367120753797100e-04,5.849747768668879244e-01,-2.059660685913237810e+00,1.487206061857261341e+00,-2.581372512175307988e-04,-5.461128343436380056e-07
0.010000,0.000000000000000000e+00,0.000000000000000000e+00,2.000001020021791032e-03,1.000000000000000000e+00,0.000000000000000000e+00,0.000000000000000000e+00,0.000000000000000000e+00,-3.799479899762975982e-02,6.184981442714484468e-01,-2.050884098495557417e+00,1.433904520970453289e+00,3.327481251499522785e-02,-1.493918573495293901e-04
0.020000,0.000000000000000000e+00,0.000000000000000000e+00,2.000001020021791032e-03,1.000000000000000000e+00,0.000000000000000000e+00,0.000000000000000000e+00,0.000000000000000000e+00,-9.289062417758363333e-02,6.578080527082234008e-01,-2.025163752428513764e+00,1.368281342663682842e+00,8.314149393006430022e-02,-1.001365239071670709e-04
0.030000,0.000000000000000000e+00,0.000000000000000000e+00,2.000001020021791032e-03,1.000000000000000000e+00,0.000000000000000000e+00,0.000000000000000000e+00,0.000000000000000000e+00,-1.661645069557382282e-01,7.053622755745309059e-01,-2.011666938311928998e+00,1.306939855403787654e+00,1.513751191344241409e-01,-1.108539504369840969e-04
0.040000,0.000000000000000000e+00,0.000000000000000000e+00,2.000001020021791032e-03,1.000000000000000000e+00,0.000000000000000000e+00,0.000000000000000000e+00,0.000000000000000000e+00,-2.591330092956516951e-01,7.597169727558821251e-01,-2.016635645117945685e+00,1.257093146392650018e+00,2.405642716954347338e-01,-6.804263260422498192e-05
0.050000,0.000000000000000000e+00,0.000000000000000000e+00,2.000001020021791032e-03,1.000000000000000000e+00,0.000000000000000000e+00,0.000000000000000000e+00,0.000000000000000000e+00,-3.987684075756749991e-01,8.225156824207648931e-01,-2.047385954847420031e+00,1.224256281122775070e+00,3.756741209350498711e-01,2.102072441473540419e-04
0.060000,0.000000000000000000e+00,0.000000000000000000e+00,2.000001020021791032e-03,1.000000000000000000e+00,0.000000000000000000e+00,0.000000000000000000e+00,0.000000000000000000e+00,-5.543463047583122583e-01,8.813181102766792785e-01,-2.097016087302227660e+00,1.214579597146920875e+00,5.264928077065785805e-01,5.715040894431579806e-04
0.070000,0.000000000000000000e+00,0.000000000000000000e+00,2.000001020021791032e-03,1.000000000000000000e+00,0.000000000000000000e+00,0.000000000000000000e+00,0.000000000000000000e+00,-7.557694423932078687e-01,9.383587260144128361e-01,-2.171312507060788377e+00,1.231444629769151033e+00,7.231213400062211916e-01,1.040344842646134414e-03
0.080000,0.000000000000000000e+00,0.000000000000000000e+00,2.000001020021791032e-03,1.000000000000000000e+00,0.000000000000000000e+00,0.000000000000000000e+00,0.000000000000000000e+00,-9.573393963059313450e-01,9.877353444999010801e-01,-2.258055411030622572e+00,1.267579941301224311e+00,9.197607830525944550e-01,2.243578289751893030e-03
0.090000,0.000000000000000000e+00,0.000000000000000000e+00,2.000001020021791032e-03,1.000000000000000000e+00,0.000000000000000000e+00,0.000000000000000000e+00,0.000000000000000000e+00,-1.122716954629066510e+00,1.026052605585099142e+00,-2.341721057745927315e+00,1.308695510748203006e+00,1.079934939222464862e+00,6.215706098813991373e-03
0.100000,0.000000000000000000e+00,0.000000000000000000e+00,2.000001020021791032e-03,1.000000000000000000e+00,0.000000000000000000e+00,0.000000000000000000e+00,0.000000000000000000e+00,-1.271806493064194576e+00,1.055261007944599205e+00,-2.421437470770538170e+00,1.352628019505479617e+00,1.224159814171877914e+00,1.277719995151920321e-02
0.110000,0.000000000000000000e+00,0.000000000000000000e+00,2.000001020021791032e-03,1.000000000000000000e+00,0.000000000000000000e+00,0.000000000000000000e+00,0.000000000000000000e+00,-1.358502944222479858e+00,1.066602654477261547e+00,-2.462201839372205825e+00,1.375830250272431332e+00,1.306023941822456180e+00,1.900976825220162744e-02
0.120000,0.000000000000000000e+00,0.000000000000000000e+00,2.000001020021791032e-03,1.000000000000000000e+00,0.000000000000000000e+00,0.000000000000000000e+00,0.000000000000000000e+00,-1.385078618708181608e+00,1.064236043223140804e+00,-2.466183843048822322e+00,1.385422276237164407e+00,1.327700512026066315e+00,1.612797429627878948e-02
0.130000,0.000000000000000000e+00,0.000000000000000000e+00,2.000001020021791032e-03,1.000000000000000000e+00,0.000000000000000000e+00,0.000000000000000000e+00,0.000000000000000000e+00,-1.380072637125287605e+00,1.051596752891009956e+00,-2.444367928416106839e+00,1.392407089262435393e+00,1.321574238933422851e+00,7.513254508407021803e-04
0.140000,0.000000000000000000e+00,0.000000000000000000e+00,2.000001020021791032e-03,1.000000000000000000e+00,0.000000000000000000e+00,0.000000000000000000e+00,0.000000000000000000e+00,-1.326872906074682668e+00,1.015465885377229149e+00,-2.367322074389081266e+00,1.376951838748169621e+00,1.268094607099345072e+00,-2.379218410197007916e-02
0.150000,0.000000000000000000e+00,0.000000000000000000e+00,2.000001020021791032e-03,1.000000000000000000e+00,0.000000000000000000e+00,0.000000000000000000e+00,0.000000000000000000e+00,-1.244534780003795138e+00,9.674171091068795025e-01,-2.267153535371010609e+00,1.326483932157266121e+00,1.185763020314169802e+00,-2.847849021743404513e-02
0.160000,0.000000000000000000e+00,0.000000000000000000e+00,2.000001020021791032e-03,1.000000000000000000e+00,0.000000000000000000e+00,0.000000000000000000e+00,0.000000000000000000e+00,-1.124445291962731019e+00,9.006380196744454558e-01,-2.128008302291567677e+00,1.239203615172694173e+00,1.065719429937556528e+00,-1.321618028806846763e-02
0.170000,0.000000000000000000e+00,0.000000000000000000e+00,2.000001020021791032e-03,1.000000000000000000e+00,0.000000000000000000e+00,0.000000000000000000e+00,0.000000000000000000e+00,-9.965394583247786375e-01,8.401624119715250805e-01,-2.015035666690758731e+00,1.179160060913899466e+00,9.379294759161415085e-01,-5.010872587790255253e-03
0.180000,0.000000000000000000e+00,0.000000000000000000e+00,2.000001020021791032e-03,1.000000000000000000e+00,0.000000000000000000e+00,0.000000000000000000e+00,0.000000000000000000e+00,-8.640563074564783230e-01,7.805150517313317327e-01,-1.920509343307005068e+00,1.141799825620037678e+00,8.055047206049017472e-01,-1.966514368908447996e-03
0.190000,0.000000000000000000e+00,0.000000000000000000e+00,2.000001020021791032e-03,1.000000000000000000e+00,0.000000000000000000e+00,0.000000000000000000e+00,0.000000000000000000e+00,-7.356843158455896869e-01,7.195235622683209264e-01,-1.840797111754904458e+00,1.122337518638739651e+00,6.771185725469163197e-01,-6.800943342743402068e-04
0.200000,0.000000000000000000e+00,0.000000000000000000e+00,2.000001020021791032e-03,1.000000000000000000e+00,0.000000000000000000e+00,0.000000000000000000e+00,0.000000000000000000e+00,-6.346665373489599471e-01,6.622800146873497606e-01,-1.780349311274701751e+00,1.119307923011109596e+00,5.763174783014738400e-01,-6.587022976037264351e-04
0.210000,0.000000000000000000e+00,0.000000000000000000e+00,2.000001020021791032e-03,1.000000000000000000e+00,0.000000000000000000e+00,0.000000000000000000e+00,0.000000000000000000e+00,-5.189473682248799680e-01,5.946002967014196727e-01,-1.724626397294203084e+00,1.130269351823973478e+00,4.603542644382011551e-01,-9.799856239945252162e-05
0.220000,0.000000000000000000e+00,0.000000000000000000e+00,2.000001020021791032e-03,1.000000000000000000e+00,0.000000000000000000e+00,0.000000000000000000e+00,0.000000000000000000e+00,-4.391097569545293622e-01,5.367273770296943081e-01,-1.688252078701472758e+00,1.151680281042844811e+00,3.805392363471157835e-01,-5.566969301550167277e-05
0.230000,0.000000000000000000e+00,0.000000000000000000e+00,2.000001020021791032e-03,1.000000000000000000e+00,0.000000000000000000e+00,0.000000000000000000e+00,0.000000000000000000e+00,-3.660798310734605376e-01,4.768969298963595671e-01,-1.660912613693703577e+00,1.183878593870490326e+00,3.074458734112223146e-01,4.442172153765489446e-05
0.240000,0.000000000000000000e+00,0.000000000000000000e+00,2.000001020021791032e-03,1.000000000000000000e+00,0.000000000000000000e+00,0.000000000000000000e+00,0.000000000000000000e+00,-3.069549938440564452e-01,4.202176810467594947e-01,-1.644184550769330011e+00,1.223595698728751291e+00,2.483805548237364436e-01,9.433105825070390432e-05
0.250000,0.000000000000000000e+00,0.000000000000000000e+00,2.000001020021791032e-03,1.000000000000000000e+00,0.000000000000000000e+00,0.000000000000000000e+00,0.000000000000000000e+00,-2.595080060862423044e-01,3.682093722110004741e-01,-1.636121913315060405e+00,1.267397761444482907e+00,2.008801107452471146e-01,1.052851575446707557e-04
0.260000,0.000000000000000000e+00,0.000000000000000000e+00,2.000001020021791032e-03,1.000000000000000000e+00,0.000000000000000000e+00,0.000000000000000000e+00,0.000000000000000000e+00,-2.213830782816962328e-01,3.217157041500817161e-01,-1.634091493501753423e+00,1.311802005160739304e+00,1.626956938891008508e-01,9.475528688181327776e-05
0.270000,0.000000000000000000e+00,0.000000000000000000e+00,2.000001020021791032e-03,1.000000000000000000e+00,0.000000000000000000e+00,0.000000000000000000e+00,0.000000000000000000e+00,-1.911460247072811480e-01,2.811935260609269571e-01,-1.634948713019890976e+00,1.353203252158359904e+00,1.324004876885269411e-01,7.388304624468185493e-05
0.280000,0.000000000000000000e+00,0.000000000000000000e+00,2.000001020021791032e-03,1.000000000000000000e+00,0.000000000000000000e+00,0.000000000000000000e+00,0.000000000000000000e+00,-1.677704694848850264e-01,2.467786495802762603e-01,-1.635192537328105544e+00,1.387961164768603428e+00,1.089686170437011992e-01,4.956920379916204800e-05
0.290000,0.000000000000000000e+00,0.000000000000000000e+00,2.000001020021791032e-03,1.000000000000000000e+00,0.000000000000000000e+00,0.000000000000000000e+00,0.000000000000000000e+00,-1.545258394684884129e-01,2.248832284785231561e-01,-1.631352589199697611e+00,1.406030887204394286e+00,9.580193175787547755e-02,4.202151340400330073e-05
0.300000,0.000000000000000000e+00,0.000000000000000000e+00,2.000001020021791032e-03,1.000000000000000000e+00,0.000000000000000000e+00,0.000000000000000000e+00,0.000000000000000000e+00,-1.430777521996336454e-01,2.032289002364364439e-01,-1.621810055285402896e+00,1.418384599660377665e+00,8.434384954355880759e-02,1.452634086463645648e-05
0.310000,0.000000000000000000e+00,0.000000000000000000e+00,2.000001020021791032e-03,1.000000000000000000e+00,0.000000000000000000e+00,0.000000000000000000e+00,0.000000000000000000e+00,-1.342943705079143457e-01,1.848456044802260223e-01,-1.605273597691823761e+00,1.420653301514703148e+00,7.967109877133668472e-02,-2.029867580736454874e-05
0.320000,0.000000000000000000e+00,0.000000000000000000e+00,2.000001020021791032e-03,1.000000000000000000e+00,0.000000000000000000e+00,0.000000000000000000e+00,0.000000000000000000e+00,-1.278094998134152172e-01,1.692518099861207714e-01,-1.582293014053599567e+00,1.413705146477936214e+00,7.860005861481730860e-02,-5.249597409301826046e-05
0.330000,0.000000000000000000e+00,0.000000000000000000e+00,2.000001020021791032e-03,1.000000000000000000e+00,0.000000000000000000e+00,0.000000000000000000e+00,0.000000000000000000e+00,-1.233239745164926016e-01,1.562865215820991582e-01,-1.553459520794563842e+00,1.398248083413925258e+00,7.994376581189059638e-02,-8.364043484290718464e-05
0.340000,0.000000000000000000e+00,0.000000000000000000e+00,2.000001020021791032e-03,1.000000000000000000e+00,0.000000000000000000e+00,0.000000000000000000e+00,0.000000000000000000e+00,-1.206242322509537418e-01,1.459541751093826334e-01,-1.519486799737065130e+00,1.374978483157785369e+00,8.320785977538497358e-02,-1.155547713729313485e-04
0.350000,0.000000000000000000e+00,0.000000000000000000e+00,2.000001020021791032e-03,1.000000000000000000e+00,0.000000000000000000e+00,0.000000000000000000e+00,0.000000000000000000e+00,-1.195673339210279740e-01,1.383587089762303435e-01,-1.481200524929383588e+00,1.344614288239303068e+00,8.815992069473253812e-02,-1.494255090359307165e-04
0.360000,0.000000000000000000e+00,0.000000000000000000e+00,2.000001020021791032e-03,1.000000000000000000e+00,0.000000000000000000e+00,0.000000000000000000e+00,0.000000000000000000e+00,-1.200662312748006222e-01,1.336591121463881482e-01,-1.439493826559610890e+00,1.307889449970635498e+00,9.468391689535937683e-02,-1.859966923795364755e-04
0.370000,0.000000000000000000e+00,0.000000000000000000e+00,2.000001020021791032e-03,1.000000000000000000e+00,0.000000000000000000e+00,0.000000000000000000e+00,0.000000000000000000e+00,-1.220795654390290225e-01,1.320328297588978239e-01,-1.395278836130800171e+00,1.265540477260262975e+00,1.027287669579282914e-01,-2.257487684169098082e-04
0.380000,0.000000000000000000e+00,0.000000000000000000e+00,2.000001020021791032e-03,1.000000000000000000e+00,0.000000000000000000e+00,0.000000000000000000e+00,0.000000000000000000e+00,-1.270276594738183606e-01,1.342616802253925878e-01,-1.333876439098046429e+00,1.201029360834196202e+00,1.156741745228432733e-01,-1.659190216313506498e-04
0.390000,0.000000000000000000e+00,0.000000000000000000e+00,2.000001020021791032e-03,1.000000000000000000e+00,0.000000000000000000e+00,0.000000000000000000e+00,0.000000000000000000e+00,-1.312914560205344361e-01,1.390051752620088676e-01,-1.297675270993819074e+00,1.160593181817636044e+00,1.246526661556268678e-01,-2.325023704831185125e-04
0.400000,0.000000000000000000e+00,0.000000000000000000e+00,2.000001020021791032e-03,1.000000000000000000e+00,0.000000000000000000e+00,0.000000000000000000e+00,0.000000000000000000e+00,-1.402536331335166031e-01,1.502109430111424337e-01,-1.240106462918552532e+00,1.091309745945214349e+00,1.410776629016052552e-01,-2.022014510274977909e-04
0.410000,0.000000000000000000e+00,0.000000000000000000e+00,2.000001020021791032e-03,1.000000000000000000e+00,0.000000000000000000e+00,0.000000000000000000e+00,0.000000000000000000e+00,-1.498335551918088537e-01,1.636224271759646742e-01,-1.193315594460908180e+00,1.030897584427174829e+00,1.568740945842591328e-01,-1.920405326053457699e-04
0.420000,0.000000000000000000e+00,0.000000000000000000e+00,2.000001020021791032e-03,1.000000000000000000e+00,0.000000000000000000e+00,0.000000000000000000e+00,0.000000000000000000e+00,-1.611905302126087070e-01,1.801171651828540887e-01,-1.149153388263105091e+00,9.702215953271633442e-01,1.743112413850386455e-01,-2.089834893070936913e-04
0.430000,0.000000000000000000e+00,0.000000000000000000e+00,2.000001020021791032e-03,1.000000000000000000e+00,0.000000000000000000e+00,0.000000000000000000e+00,0.000000000000000000e+00,-1.746766605395244087e-01,1.995533583461386873e-01,-1.107081054746954729e+00,9.087262874045343164e-01,1.938629129085198688e-01,-2.343817670211227546e-04
0.440000,0.000000000000000000e+00,0.000000000000000000e+00,2.000001020021791032e-03,1.000000000000000000e+00,0.000000000000000000e+00,0.000000000000000000e+00,0.000000000000000000e+00,-1.905300106848312469e-01,2.215537402980056747e-01,-1.067333575987395644e+00,8.469910338654530468e-01,2.157816130157230450e-01,-2.630965823638913665e-04
0.450000,0.000000000000000000e+00,0.000000000000000000e+00,2.000001020021791032e-03,1.000000000000000000e+00,0.000000000000000000e+00,0.000000000000000000e+00,0.000000000000000000e+00,-2.089775920978693968e-01,2.456072729443511404e-01,-1.030134629212407393e+00,7.857456929646609023e-01,2.402971041767734128e-01,-2.940800827179507106e-04
0.460000,0.000000000000000000e+00,0.000000000000000000e+00,2.000001020021791032e-03,1.000000000000000000e+00,0.000000000000000000e+00,0.000000000000000000e+00,0.000000000000000000e+00,-2.302281783564602835e-01,2.710880879451981751e-01,-9.955984912044792967e-01,7.257302719920111223e-01,2.676199921249162728e-01,-3.270866176092306087e-04
0.470000,0.000000000000000000e+00,0.000000000000000000e+00,2.000001020021791032e-03,1.000000000000000000e+00,0.000000000000000000e+00,0.000000000000000000e+00,0.000000000000000000e+00,-2.544295540746012163e-01,2.972717025593454854e-01,-9.637147731220433444e-01,6.676595171499535297e-01,2.979002426522316949e-01,-3.619312163334795739e-04
0.480000,0.000000000000000000e+00,0.000000000000000000e+00,2.000001020021791032e-03,1.000000000000000000e+00,0.000000000000000000e+00,0.000000000000000000e+00,0.000000000000000000e+00,-2.815933361412389924e-01,3.233574585845527261e-01,-9.343466009285160689e-01,6.121980778162477987e-01,3.311520184999205973e-01,-3.982993810780257053e-04
0.490000,0.000000000000000000e+00,0.000000000000000000e+00,2.000001020021791032e-03,1.000000000000000000e+00,0.000000000000000000e+00,0.000000000000000000e+00,0.000000000000000000e+00,-3.010724707185935545e-01,3.422037464640734772e-01,-9.140701816560955484e-01,5.737488569028278418e-01,3.551874696164220024e-01,-6.332783665908569854e-04
0.500000,0.000000000000000000e+00,0.000000000000000000e+00,2.000001020021791032e-03,1.000000000000000000e+00,0.000000000000000000e+00,0.000000000000000000e+00,0.000000000000000000e+00,-3.403766459848124870e-01,3.711408648270814736e-01,-8.827926572376539882e-01,5.131204776113315047e-01,4.019680832896859179e-01,-5.844399946390518592e-04
