-0.002845284185,-0.04175221448,0.1212474229,-0.5156522282,-0.4710901956,0.519805967,-0.4919131668,0.00411925,0.3973295155,1.161253476,0.4994145344,0.1635973309,-0.008070753782,0.0176455,-0.5856599773,-1.183192996,0.5650454176,0.2683545785,0.0751258166,-0.02618,-0.09481688436,0.07016008341,-1.951679,1.61218995,-0.3727147542,-0.1672403511,0.003755262833,0.2656977598,0.1449764869,-2.0726306,-1.55459445,0.4975047663,-0.2595701471,-0.1309115264,0.4157839198,-0.0927635527
-0.002845284185,-0.04175221448,0.1415481194,0.5154871537,0.4712463639,-0.5199696705,0.4917635617,-0.09103825181,0.340896665,0.9098138091,0.4919524086,0.1449149191,-0.0403600319,-0.06401899012,-0.7403076569,-1.13044594,0.8976367405,0.09820159248,0.07897319803,-0.03783100557,-0.0880268361,0.06752092678,-1.869085163,1.594714103,-0.3570757272,-0.1081665479,-0.04056051234,0.1467604084,0.2316359605,-2.00342925,-1.531044901,0.4883036485,-0.2148845378,-0.08047352238,0.3148225385,-0.1718682433
-0.002845284185,-0.04175221448,0.1618488158,0.5153220272,0.4714024847,-0.5201333215,0.491613907,-0.1676332525,0.2683993533,0.6711827315,0.4869624513,0.120384157,-0.06636914223,-0.1377287018,-0.8488111549,-1.075101246,1.138506718,-0.02261916379,0.08270969003,-0.04946430505,-0.08100095006,0.06489228186,-1.802665526,1.558143734,-0.3437424434,-0.03246660484,-0.05948727521,0.01413991519,0.2931785056,-1.94897206,-1.492748018,0.4867376647,-0.1555050843,-0.05275946489,0.2011326994,-0.2312676134
-0.002845284185,-0.04175221448,0.1821495123,0.5151568488,0.4715585579,-0.5202969201,0.4914642027,-0.2251485561,0.1851686938,0.4439272593,0.4853985195,0.09094069268,-0.08609479451,-0.2118669964,-0.9342484004,-1.014213176,1.339934569,-0.1205176222,0.08664338619,-0.0610501178,-0.07429190917,0.0629356083,-1.745820991,1.488813452,-0.3053078368,0.05496540702,-0.04431286371,-0.1192027818,0.3156387223,-1.897712994,-1.434588893,0.4711367857,-0.08656141311,-0.05089319565,0.08377269959,-0.264345551
-0.002845284185,-0.04175221448,0.2024502087,0.5149916184,0.4717145836,-0.5204604662,0.491314449,-0.2654000309,0.095583234,0.225480974,0.489688825,0.05648530615,-0.09996955526,-0.2935290715,-1.007108402,-0.942834464,1.513564798,-0.2063233278,0.09114281184,-0.07267270373,-0.06658248802,0.05981457493,-1.720893404,1.412779844,-0.2877937061,0.1773373638,-0.02531396348,-0.2854002444,0.3273819875,-1.868168644,-1.360515707,0.4655047439,0.01068247095,-0.06321944359,-0.05713681954,-0.2827639244
-0.002845284185,-0.04175221448,0.2285841596,0.5205083587,0.4664523996,-0.5149432128,0.4963131018,-0.3997176482,0.1291906151,0.2048699121,0.6739974411,-0.09901611089,-0.1044271804,-0.5104170061,-0.8487932176,-0.6665737839,1.393790675,-0.2298475996,0.1104862298,-0.05139145769,-0.07416424983,0.04365671736,-1.852192913,1.414590229,-0.5922958179,0.3066443175,0.03120785214,-0.3458177567,0.4329197948,-1.93824427,-1.41764003,0.7101729109,0.1367854763,-0.1249630248,-0.1506014134,-0.43134073
-0.002845284185,-0.04175221448,0.2547181105,0.5259659944,0.4611372491,-0.5093674868,0.5012553976,-0.5110801598,0.1549672335,0.1843441286,0.7999545786,-0.2206042272,-0.1087661324,-0.6310603119,-0.6817396492,-0.4598860485,1.266100621,-0.2426904287,0.1232366588,-0.03016980762,-0.08157446947,0.0265634105,-1.969024996,1.346394359,-0.8300465823,0.4663215696,0.120110463,-0.3913612502,0.5033845805,-2.015010227,-1.417060837,0.9277922331,0.2836922016,-0.2195453411,-0.2170212906,-0.5579516119
-0.002845284185,-0.04175221448,0.2808520613,0.5313639058,0.4557697358,-0.5037339213,0.506140775,-0.6118522767,0.1747603302,0.1654122137,0.8941383214,-0.322247712,-0.1130279919,-0.6865758306,-0.5203326073,-0.2804107647,1.121665609,-0.2428124979,0.1342338755,-0.009032287733,-0.09013076774,0.0102846179,-2.082874087,1.246129079,-1.069645546,0.6490741051,0.1868609791,-0.4178603836,0.5810285135,-2.095176191,-1.391115656,1.145791547,0.4510245102,-0.3062732511,-0.262244804,-0.6895826413
-0.002845284185,-0.04175221448,0.3069860122,0.53670148,0.4503504691,-0.498043156,0.5109686792,-0.705333941,0.1904174217,0.1482690662,0.9654058832,-0.4090023641,-0.117072052,-0.691288724,-0.37519445,-0.1081928146,0.9530663263,-0.2316646533,0.1440336438,0.01178571664,-0.09931466468,-0.004200130609,-2.176062125,1.109718466,-1.301682844,0.8662670021,0.2184190976,-0.4402296719,0.6582280933,-2.165711811,-1.338633299,1.36000149,0.6441358742,-0.3732291644,-0.2924337062,-0.8259939768
-0.002845284185,-0.04175221448,0.3169001793,0.5469193941,0.4396518974,-0.4868004111,0.5202026002,-0.9096464124,0.2449483292,0.1462610154,1.24807275,-0.4877095379,-0.1003717488,-0.6908981024,-0.3747967941,-0.1087809629,0.9544913623,-0.233494352,0.1434636739,0.01649361677,-0.09991813877,-0.01027491132,-2.014000173,1.078504207,-1.244281767,0.6206801566,0.122448805,-0.05683154762,0.7684231392,-2.16114326,-1.361820529,1.357773078,0.5845518464,-0.3668729028,-0.2561688929,-0.813137886
-0.002845284185,-0.04175221448,0.3268143465,0.556901843,0.4287640425,-0.4753480842,0.5292125584,-1.112528886,0.2991626206,0.1395214754,1.484606738,-0.5231662427,-0.06935694679,-0.6907886447,-0.3746435341,-0.1089973248,0.954926729,-0.2340470736,0.1432379315,0.02070093844,-0.1012152121,-0.0200387404,-1.874457048,0.9365687778,-1.144870942,0.5692429951,0.06139673152,0.2047140831,0.9062314147,-2.165998099,-1.349145812,1.360274493,0.6211333729,-0.3697525321,-0.2802841198,-0.8197159934
-0.002845284185,-0.04175221448,0.3367285136,0.566644529,0.4176915919,-0.4636911058,0.5379946749,-1.307476629,0.3438234186,0.1288847292,1.667479835,-0.5174967182,-0.02244190704,-0.6909301033,-0.3747626837,-0.1088155985,0.9544615576,-0.2334384645,0.1434043109,0.02512186243,-0.1029615889,-0.02905781511,-1.698194878,0.6689330449,-0.7880554434,0.6609709027,0.2647238013,0.3287559964,0.9438824483,-2.165783645,-1.342604094,1.360908312,0.6365414355,-0.37153654,-0.2886591798,-0.8236502265
-0.002845284185,-0.04175221448,0.3466426808,0.5761432578,0.4064393126,-0.4518344945,0.5465451686,-1.493164587,0.4313133709,0.1599117184,1.808540556,-0.4838191884,0.06882797222,-0.691288724,-0.37519445,-0.1081928146,0.9530663263,-0.2316646533,0.1440336438,0.02872594092,-0.1045010993,-0.03621746966,-1.636080933,0.06826845473,0.4708136542,0.8750857894,1.431168344,0.04793449317,0.8511264951,-2.165711811,-1.338633299,1.36000149,0.6441358742,-0.3732291644,-0.2924337062,-0.8259939768
-0.002845284185,-0.04175221448,0.369703647,0.5523415552,0.4060468562,-0.4798836368,0.5475001845,-1.610203379,0.4254342628,0.1246210896,1.935552092,-0.6146294669,0.04793025075,-0.9048069802,-0.4413079212,-0.06533797765,1.296295259,-0.4465634817,0.1575553954,0.03775134685,-0.1134895916,-0.09711980562,-1.389558752,0.02486429228,0.5029596351,0.7668285678,1.320498724,0.001310038254,0.7191874767,-1.824083065,-1.508864106,1.456500693,0.1470144509,0.008146613899,0.1066893071,-0.985094008
-0.002845284185,-0.04175221448,0.3927646131,0.5277917935,0.4051044738,-0.5072828528,0.5477136983,-1.730436244,0.4148290957,0.09493782296,2.026282918,-0.7072987427,0.03774933918,-1.104268723,-0.4975733532,-0.02388579847,1.547873717,-0.5894662749,0.1584947604,0.04648180576,-0.1190251822,-0.1571997313,-1.185785682,-0.01302664064,0.5882564392,0.7067798495,1.246435075,-0.05413688953,0.5756623891,-1.56947215,-1.51616072,1.558301963,-0.04886388939,0.3480417941,0.1996406765,-1.230170578
-0.002845284185,-0.04175221448,0.4158255792,0.5025272215,0.4036134415,-0.5339950346,0.5471854206,-1.851278631,0.3980969794,0.06741187885,2.079076143,-0.7610178259,0.03289382885,-1.304537534,-0.542007267,0.01102141646,1.736051952,-0.6753853061,0.1374469921,0.05469231803,-0.1214092486,-0.21813847,-1.029632808,-0.04486112562,0.733867297,0.6928228977,1.216509929,-0.1159929108,0.4159753286,-1.201475307,-1.440974244,1.466649909,-0.0701689071,0.5697111097,0.1116695479,-1.342137842
-0.002845284185,-0.04175221448,0.4388865454,0.476582056,0.4015757788,-0.5599840047,0.545916067,-1.966119798,0.3746538633,0.0397645853,2.09269375,-0.7798063245,0.0273179067,-1.50461539,-0.5766320184,0.02614626366,1.867513574,-0.7114913422,0.08448157769,0.06247416872,-0.1204685311,-0.2793073261,-1.225338146,0.5464275643,1.256791064,2.0944,1.706828215,-0.2958156036,0.9368208789,-0.3107263683,-0.1996084725,-0.4141614688,-0.03041464257,-0.7482004047,0.02760631873,-0.127360158
-0.002845284185,-0.04175221448,0.4435957818,0.4499914356,0.3989942453,-0.5852145653,0.5439073567,-2.077150617,0.3452156955,-0.001776396068,2.110502928,-0.8113424844,0.007138336577,-1.708463362,-0.5029266084,0.08924662536,1.985839383,-0.7932035387,0.08940299819,0.0699158022,-0.1161703784,-0.341066416,-1.05450998,0.5532489902,1.194818319,2.056442061,1.491613676,-0.3604260267,0.7093925244,-0.1209274624,-0.2782824335,-0.2642339169,0.05284317008,-0.4369222118,0.2172408617,-0.1987570144
-0.002845284185,-0.04175221448,0.4483050182,0.4227913732,0.3958723374,-0.6096525455,0.54116201,-2.173062216,0.309877938,-0.04349884854,2.092740506,-0.8187084522,-0.01842663224,-1.895310229,-0.4237030194,0.1076281445,2.037194025,-0.8092392951,0.08328701324,0.07668379908,-0.1085683608,-0.4011503752,-0.8951803882,0.5642614956,1.134413468,2.015776027,1.266244767,-0.3692880407,0.4563532393,-0.01019220469,-0.4193426385,-0.1029283581,0.2175345263,-0.05102132309,0.3266985836,-0.2683360815
-0.002845284185,-0.04175221448,0.4530142547,0.3950187069,0.3922142831,-0.6332648479,0.5376837451,-2.244357712,0.2717526425,-0.0860430411,2.040283091,-0.8118275509,-0.05264009215,-2.04831337,-0.3511666213,0.08469052108,2.015389452,-0.77492448,0.07265042682,0.08246976066,-0.09825100257,-0.4609162279,-0.7284250233,0.5761775909,1.174424285,1.94467762,1.14100795,-0.289732472,0.1932124704,-0.009086854767,-0.4447321894,-0.09554558311,0.5161917912,0.09930412997,0.363206126,-0.1420314913
-0.002845284185,-0.04175221448,0.4577234911,-0.3667110503,-0.3880250367,0.6560194935,-0.5334772728,-2.284658961,0.2358316652,-0.1297621552,1.954782708,-0.799528048,-0.09615578218,-2.14765391,-0.2916185281,0.03104192908,1.920078385,-0.7147315874,0.06578889521,0.08811247985,-0.08452023738,-0.52,-0.5547639315,0.5661144458,1.3215775,1.804953019,1.14258057,-0.1286643882,-0.07930076931,-0.3184588476,-0.4682772388,-0.4068291366,1.466277481,-0.2265148314,0.08297230998,0.09561032237
-0.002133963139,-0.03131416086,0.5331653046,0.281634833,0.298004018,-0.6985196857,0.5864688183,-1.859473048,0.2097008523,-0.08932661227,1.746165958,-0.7299871916,-0.09886188008,-1.730096092,-0.2289901258,0.03687121312,1.72264233,-0.7028461904,0.09493000485,0.08169427794,-0.05410093762,-0.3893980715,-0.4852086854,0.5036955171,1.00466849,1.874641854,0.8771272817,-0.3481314634,-0.01575459722,-0.02364498961,-0.3213395344,-0.3073557569,0.8537329209,-0.1324354129,0.2704051836,0.103719732
-0.001422642092,-0.02087610724,0.6086071182,0.190938278,0.2020359962,-0.7270801374,0.6277567236,-1.41246409,0.1682509602,-0.05380808732,1.494515761,-0.642881729,-0.09513383263,-1.283419345,-0.1858345735,0.05148266432,1.475078754,-0.6697205583,0.1236911553,0.06355054342,-0.02762324535,-0.2593346368,-0.08729396052,0.08866088421,0.6403425923,0.821666448,0.5020784475,0.0161689072,-0.2726083569,0.09203757878,-0.2654948153,-0.208403047,0.6897344572,-0.07688767677,0.212701508,0.06926368646
-0.0007113210462,-0.01043805362,0.6840489317,0.09643133653,0.1020361205,-0.741130893,0.6565170424,-0.93322489,0.1147895018,-0.03329191856,1.163796522,-0.51322313,-0.08536257667,-0.7933377709,-0.1622594101,0.06440518937,1.136353986,-0.5878836853,0.1486967766,0.03542205981,-0.008627218143,-0.129506005,0.07879848817,0.1216002646,0.3067521494,0.7153993362,0.2342598972,0.007343286889,-0.1467448229,0.1640983511,-0.228755852,-0.105485912,0.613129373,-0.03434126576,0.1178528577,0.03375966736
0,0,0.7594907453,0,0,-0.7403915539,0.6721758303,-0.3695827216,0.06156735853,-0.03675216434,0.6372455851,-0.2751835493,-0.07122427234,-0.1931489147,-0.1593241017,0.06028463517,0.5566037381,-0.3735985466,0.1691819808,0,0,0,0.2,0.2,0,0.6,0,0,0,0.2,-0.2,0,0.6,0,0,0
