0,0,0.1598119733,0,0.747987321,0,0.6637130161,-0.2941297421,0.004737286331,-0.001326690937,0.2641296121,0.04300042254,-0.004824476483,-0.265193418,0.006154305126,-0.003144276506,0.1809080934,0.07750472236,-0.006836346141,0.001849534515,0.003894717071,-0.324289502,0.3870620555,0.1693457734,-0.1565786097,-0.5902451052,1.299651892,0.1513832238,1.248698695,0.3491489997,-0.1073087095,0.06960361738,-0.5908880537,-1.656898832,0.1004484345,-1.229791481
1.259394311e-05,0,0.1597533537,5.160312888e-18,0.747987321,5.160312888e-18,0.6637130161,-0.2941297421,0.004737286331,-0.001326690937,0.2641296121,0.04300042254,-0.004824476483,-0.265193418,0.006154305126,-0.003144276506,0.1809080934,0.07750472236,-0.006836346141,0.001849534515,0.003894717071,-0.324289502,0.3870620555,0.1693457734,-0.1565786097,-0.5902451052,1.299651892,0.1513832238,1.248698695,0.3509178468,-0.1073765788,0.06981237168,-0.5924600592,-1.656874803,0.1003559824,-1.229979818
4.863867683e-05,0,0.1595855804,5.160312888e-18,0.747987321,5.160312888e-18,0.6637130161,-0.2941297421,0.004737286331,-0.001326690937,0.2641296121,0.04300042254,-0.004824476483,-0.265193418,0.006154305126,-0.003144276506,0.1809080934,0.07750472236,-0.006836346141,0.001849534515,0.003894717071,-0.324289502,0.3870620555,0.1693457734,-0.1565786097,-0.5902451052,1.299651892,0.1513832238,1.248698695,0.3526866939,-0.1074444482,0.07002112598,-0.5940320647,-1.656850774,0.1002635303,-1.230168155
0.0001055285578,0,0.1593207816,5.160312888e-18,0.747987321,5.160312888e-18,0.6637130161,-0.2941297421,0.004737286331,-0.001326690937,0.2641296121,0.04300042254,-0.004824476483,-0.265193418,0.006154305126,-0.003144276506,0.1809080934,0.07750472236,-0.006836346141,0.001849534515,0.003894717071,-0.324289502,0.3870620555,0.1693457734,-0.1565786097,-0.5902451052,1.299651892,0.1513832238,1.248698695,0.354455541,-0.1075123176,0.07022988028,-0.5956040702,-1.656826745,0.1001710782,-1.230356492
0.0001806579425,0,0.1589710854,5.160312888e-18,0.747987321,5.160312888e-18,0.6637130161,-0.2941297421,0.004737286331,-0.001326690937,0.2641296121,0.04300042254,-0.004824476483,-0.265193418,0.006154305126,-0.003144276506,0.1809080934,0.07750472236,-0.006836346141,0.001849534515,0.003894717071,-0.324289502,0.3870620555,0.1693457734,-0.1565786097,-0.5902451052,1.299651892,0.1513832238,1.248698695,0.3562243881,-0.107580187,0.07043863458,-0.5971760757,-1.656802716,0.1000786261,-1.230544829
0.0002714211877,0,0.15854862,5.160312888e-18,0.747987321,5.160312888e-18,0.6637130161,-0.2941297421,0.004737286331,-0.001326690937,0.2641296121,0.04300042254,-0.004824476483,-0.265193418,0.006154305126,-0.003144276506,0.1809080934,0.07750472236,-0.006836346141,0.001849534515,0.003894717071,-0.324289502,0.3870620555,0.1693457734,-0.1565786097,-0.5902451052,1.299651892,0.1513832238,1.248698695,0.3579932352,-0.1076480564,0.07064738888,-0.5987480812,-1.656778687,0.09998617402,-1.230733166
0.0003752126499,0,0.1580655137,5.160312888e-18,0.747987321,5.160312888e-18,0.6637130161,-0.2941297421,0.004737286331,-0.001326690937,0.2641296121,0.04300042254,-0.004824476483,-0.265193418,0.006154305126,-0.003144276506,0.1809080934,0.07750472236,-0.006836346141,0.001849534515,0.003894717071,-0.324289502,0.3870620555,0.1693457734,-0.1565786097,-0.5902451052,1.299651892,0.1513832238,1.248698695,0.3597620823,-0.1077159258,0.07085614318,-0.6003200867,-1.656754658,0.09989372193,-1.230921503
0.0004894266856,0,0.1575338946,5.160312888e-18,0.747987321,5.160312888e-18,0.6637130161,-0.2941297421,0.004737286331,-0.001326690937,0.2641296121,0.04300042254,-0.004824476483,-0.265193418,0.006154305126,-0.003144276506,0.1809080934,0.07750472236,-0.006836346141,0.001849534515,0.003894717071,-0.324289502,0.3870620555,0.1693457734,-0.1565786097,-0.5902451052,1.299651892,0.1513832238,1.248698695,0.3615309294,-0.1077837952,0.07106489748,-0.6018920922,-1.65673063,0.09980126984,-1.23110984
0.0006114576516,0,0.156965891,5.160312888e-18,0.747987321,5.160312888e-18,0.6637130161,-0.2941297421,0.004737286331,-0.001326690937,0.2641296121,0.04300042254,-0.004824476483,-0.265193418,0.006154305126,-0.003144276506,0.1809080934,0.07750472236,-0.006836346141,0.001849534515,0.003894717071,-0.324289502,0.3870620555,0.1693457734,-0.1565786097,-0.5902451052,1.299651892,0.1513832238,1.248698695,0.3632997765,-0.1078516646,0.07127365178,-0.6034640978,-1.656706601,0.09970881775,-1.231298177
0.0007386999044,0,0.1563736309,5.160312888e-18,0.747987321,5.160312888e-18,0.6637130161,-0.2941297421,0.004737286331,-0.001326690937,0.2641296121,0.04300042254,-0.004824476483,-0.265193418,0.006154305126,-0.003144276506,0.1809080934,0.07750472236,-0.006836346141,0.001849534515,0.003894717071,-0.324289502,0.3870620555,0.1693457734,-0.1565786097,-0.5902451052,1.299651892,0.1513832238,1.248698695,0.3650686236,-0.107919534,0.07148240608,-0.6050361033,-1.656682572,0.09961636565,-1.231486514
0.0008685478006,0,0.1557692427,5.160312888e-18,0.747987321,5.160312888e-18,0.6637130161,-0.2941297421,0.004737286331,-0.001326690937,0.2641296121,0.04300042254,-0.004824476483,-0.265193418,0.006154305126,-0.003144276506,0.1809080934,0.07750472236,-0.006836346141,0.001849534515,0.003894717071,-0.324289502,0.3870620555,0.1693457734,-0.1565786097,-0.5902451052,1.299651892,0.1513832238,1.248698695,0.3668374707,-0.1079874034,0.07169116038,-0.6066081088,-1.656658543,0.09952391356,-1.231674852
0.0009983956968,0,0.1551648544,5.160312888e-18,0.747987321,5.160312888e-18,0.6637130161,-0.2878610596,0.004744876947,-0.001296580905,0.2613964075,0.03951067145,-0.004823473222,-0.259070381,0.006167032275,-0.003104116156,0.1784696823,0.07387221143,-0.006829336007,0.001812139774,0.003890636118,-0.3247561611,0.4029060123,0.1702502464,-0.1583433367,-0.6015057361,1.300386297,0.1495004242,1.252393082,0.3870675995,-0.1085306301,0.07423468279,-0.6223987752,-1.656444729,0.09854568291,-1.235547644
0.00112563795,0,0.1545725944,5.160312888e-18,0.747987321,5.160312888e-18,0.6637130161,-0.2870621366,0.004745844346,-0.00129274348,0.2610480695,0.03906591413,-0.004823345359,-0.2582900201,0.006168654308,-0.003098997851,0.1781589148,0.07340925984,-0.006828442589,0.001807439342,0.003891142621,-0.324815754,0.404925607,0.1703655517,-0.1585676961,-0.6029401993,1.300478517,0.1492601729,1.252864829,0.3912140725,-0.108664924,0.07473851837,-0.6257479066,-1.656388535,0.09833929112,-1.236265422
0.001247668916,0,0.1540045908,5.160312888e-18,0.747987321,5.160312888e-18,0.6637130161,-0.286295934,0.004746772125,-0.00128906322,0.260713998,0.03863937213,-0.004823222734,-0.2575416193,0.00617020991,-0.003094089169,0.177860875,0.07296526873,-0.006827585761,0.00180293489,0.003891827609,-0.3248729435,0.4068625546,0.1704761404,-0.1587827576,-0.6043157772,1.300566695,0.1490297095,1.253317426,0.3952679773,-0.1087977469,0.07522982466,-0.6290173892,-1.656332053,0.09813742262,-1.236973194
0.001361882951,0,0.1534729717,5.160312888e-18,0.747987321,5.160312888e-18,0.6637130161,-0.285578812,0.004747640473,-0.001285618705,0.260401326,0.0382401531,-0.004823107963,-0.2568411588,0.006171665865,-0.003089494923,0.1775819267,0.07254971832,-0.006826783819,0.001798721365,0.003892678227,-0.3249265108,0.4086754975,0.170579651,-0.1589839277,-0.6056030957,1.300648948,0.1488139553,1.253741209,0.3991805633,-0.1089277284,0.07570256831,-0.6321709312,-1.65627596,0.097942416,-1.237659955
0.001465674414,0,0.1529898654,5.160312888e-18,0.747987321,5.160312888e-18,0.6637130161,-0.2849271308,0.00474842958,-0.001282488519,0.2601171869,0.03787736471,-0.004823003666,-0.2562046187,0.006172988957,-0.003085319924,0.1773284338,0.07217208887,-0.006826055058,0.00179489382,0.00389367568,-0.324975236,0.4103230759,0.170673722,-0.1591666164,-0.6067727849,1.300723397,0.1486178329,1.25412651,0.4029029362,-0.1090534576,0.07615072835,-0.6351724479,-1.656220986,0.09775661269,-1.238314349
0.001556437659,0,0.1525674,5.160312888e-18,0.747987321,5.160312888e-18,0.6637130161,-0.2843572505,0.004749119636,-0.001279751244,0.2598687138,0.03756011461,-0.00482291246,-0.2556479789,0.006174145971,-0.003081668983,0.1771067601,0.0718418606,-0.006825417773,0.001791547478,0.003894795179,-0.3250178975,0.4117639284,0.1707559918,-0.1593262369,-0.6077954792,1.300788174,0.1484462664,1.254463655,0.4063860575,-0.1091734834,0.07656829612,-0.6379860615,-1.656167906,0.09758235691,-1.238924669
0.001631567043,0,0.1522177038,5.160312888e-18,0.747987321,5.160312888e-18,0.6637130161,-0.2838855315,0.004749690831,-0.001277485461,0.2596630398,0.03729751046,-0.004822836965,-0.2551872197,0.00617510369,-0.003078646912,0.1769232694,0.07156851376,-0.006824890259,0.001788777799,0.003896005896,-0.3250532718,0.4129566912,0.1708240985,-0.1594582061,-0.6086418175,1.300841417,0.1483041812,1.254742968,0.4095807433,-0.1092863142,0.07694927527,-0.6405761014,-1.656117547,0.0974219957,-1.239478855
0.001688456924,0,0.1519529049,5.160312888e-18,0.747987321,5.160312888e-18,0.6637130161,-0.2835283338,0.004750123354,-0.001275769752,0.2595072983,0.03709865992,-0.004822779798,-0.2548383212,0.006175828899,-0.003076358523,0.1767843256,0.07136152858,-0.006824490813,0.001786680547,0.003897270911,-0.325080134,0.4138599985,0.1708756801,-0.1595579439,-0.609282443,1.300881274,0.148196504,1.254954763,0.4124376631,-0.1093904177,0.07728768168,-0.6429071038,-1.656070786,0.09727787895,-1.239964496
0.001724501658,0,0.1517851316,5.160312888e-18,0.747987321,5.160312888e-18,0.6637130161,-0.2833020178,0.004750397395,-0.0012746827,0.2594086223,0.03697267065,-0.004822743577,-0.2546172633,0.006176288383,-0.003074908628,0.1766962924,0.07123038529,-0.006824237729,0.001785351859,0.003898547165,-0.325097257,0.4144324823,0.1709083746,-0.1596208742,-0.6096880037,1.300905899,0.148128163,1.255089354,0.4149073391,-0.1094842209,0.07757754346,-0.6449438122,-1.656028549,0.09715235941,-1.240368826
0.001737095601,0,0.151726512,5.160312888e-18,0.747987321,5.160312888e-18,0.6637130161,-0.2832229435,0.004750493145,-0.001274302887,0.2593741452,0.0369286503,-0.004822730922,-0.2545400262,0.006176448926,-0.003074402038,0.1766655339,0.07118456415,-0.006824149301,0.001784888309,0.003899785409,-0.3251034115,0.4146327727,0.1709198196,-0.1596424241,-0.6098291521,1.300913455,0.1481040873,1.255137047,0.416940145,-0.1095661094,0.07781290088,-0.6466511772,-1.655991813,0.09704779271,-1.240678723
0.00172363311,0,0.1517891744,5.160312888e-18,0.747987321,5.160312888e-18,0.6637130161,-0.2833074712,0.004750390792,-0.001274708894,0.2594110001,0.03697570653,-0.00482274445,-0.25462259,0.006176277311,-0.003074943565,0.1766984137,0.07123354537,-0.006824243827,0.001785386981,0.003900930157,-0.3250973661,0.4144194974,0.1709076529,-0.1596180243,-0.6096765458,1.300902113,0.1481292076,1.255088145,0.4184863052,-0.1096344277,0.07798780637,-0.6479943564,-1.655961604,0.09696653738,-1.24088071
0.001681508542,0,0.1519852468,5.160312888e-18,0.747987321,5.160312888e-18,0.6637130161,-0.283571961,0.004750070527,-0.001275979304,0.2595263201,0.03712294701,-0.00482278678,-0.2548809347,0.006175740324,-0.003076638021,0.1768012958,0.07138680921,-0.0068245396,0.001786945534,0.003901919631,-0.3250778872,0.413751282,0.1708695119,-0.1595431093,-0.609200847,1.300870052,0.1482084557,1.254932945,0.4194958934,-0.1096874789,0.07809632448,-0.6489387149,-1.655939,0.09691095488,-1.240960954
0.001608116253,0,0.1523268575,5.160312888e-18,0.747987321,5.160312888e-18,0.6637130161,-0.2840327733,0.004749512539,-0.001278192699,0.2597272386,0.03737947939,-0.00482286053,-0.2553310405,0.006174804749,-0.003079590217,0.1769805439,0.0716538359,-0.006825054917,0.001789662274,0.003902685717,-0.3250437383,0.4125867499,0.170803034,-0.1594131172,-0.608372723,1.30081546,0.1483467644,1.254661739,0.419918832,-0.1097235244,0.07813253184,-0.6494498246,-1.655925129,0.0968834096,-1.240905263
0.001500850599,0,0.1528261348,5.160312888e-18,0.747987321,5.160312888e-18,0.6637130161,-0.2847062681,0.004748697018,-0.001281427661,0.2600208887,0.03775441132,-0.004822968318,-0.2559888875,0.006173437369,-0.003083904966,0.177242522,0.07204410567,-0.006825808072,0.001793636221,0.003903153907,-0.3249936807,0.4108845225,0.1707058565,-0.1592234899,-0.6071628462,1.300736531,0.1485490678,1.254264815,0.419704891,-0.1097407836,0.07809051714,-0.6494934651,-1.655921168,0.09688626889,-1.240699088
0.001357105938,0,0.1534952067,5.160312888e-18,0.747987321,5.160312888e-18,0.6637130161,-0.2856088057,0.004747604154,-0.001285762773,0.2604144036,0.03825685048,-0.004823112763,-0.2568704556,0.00617160497,-0.003089687078,0.1775935938,0.07256709876,-0.00682681736,0.001798967185,0.003903243256,-0.3249264726,0.4086032185,0.1705756165,-0.1589696729,-0.6055418944,1.300631469,0.1488203013,1.253732456,0.4188036867,-0.1097374339,0.0779643811,-0.6490356229,-1.655928347,0.0969219031,-1.240327517
0.001174276626,0,0.1543462015,5.160312888e-18,0.747987321,5.160312888e-18,0.6637130161,-0.2867567462,0.004746214137,-0.001291276615,0.2609149165,0.03889590451,-0.004823296484,-0.2579917251,0.006169274335,-0.003097041366,0.1780401232,0.07323229541,-0.006828101077,0.001805755829,0.003902866329,-0.3248408694,0.4057014547,0.1704099512,-0.1586471157,-0.6034805505,1.300498487,0.1491654009,1.25305494,0.4171646808,-0.1097116105,0.07774823648,-0.648042492,-1.655947948,0.09699268558,-1.239775281
0.00094975702,0,0.1553912474,5.160312888e-18,0.747987321,5.160312888e-18,0.6637130161,-0.2881664499,0.004744507156,-0.00129804777,0.2615295606,0.03968068107,-0.004823522097,-0.259368676,0.006166412249,-0.003106072641,0.178588474,0.07404917586,-0.006829677519,0.001814103746,0.003901929146,-0.3247356233,0.4021378456,0.1702064974,-0.1582512715,-0.6009495029,1.300335806,0.1495893042,1.25222254,0.4147371797,-0.1096614061,0.07743620801,-0.6464804737,-1.6559813,0.0971009927,-1.239026747
0.0006809414757,0,0.1566424725,5.160312888e-18,0.747987321,5.160312888e-18,0.6637130161,-0.2941297421,0.004737286331,-0.001326690937,0.2641296121,0.04300042254,-0.004824476483,-0.265193418,0.006154305126,-0.003144276506,0.1809080934,0.07750472236,-0.006836346141,0.001849534515,0.003894717071,-0.324289502,0.3870620555,0.1693457734,-0.1565786097,-0.5902451052,1.299651892,0.1513832238,1.248698695,0.3986767186,-0.1092090526,0.07544873779,-0.634904208,-1.656226021,0.0978597759,-1.235064919
0.0003652243502,0,0.1581120051,5.160312888e-18,0.747987321,5.160312888e-18,0.6637130161,-0.2941297421,0.004737286331,-0.001326690937,0.2641296121,0.04300042254,-0.004824476483,-0.265193418,0.006154305126,-0.003144276506,0.1809080934,0.07750472236,-0.006836346141,0.001849534515,0.003894717071,-0.324289502,0.3870620555,0.1693457734,-0.1565786097,-0.5902451052,1.299651892,0.1513832238,1.248698695,0.4004455657,-0.109276922,0.07565749209,-0.6364762135,-1.656201992,0.09776732381,-1.235253256
0,0,0.1598119733,0,0.747987321,0,0.6637130161,-0.2941297421,0.004737286331,-0.001326690937,0.2641296121,0.04300042254,-0.004824476483,-0.265193418,0.006154305126,-0.003144276506,0.1809080934,0.07750472236,-0.006836346141,0.001849534515,0.003894717071,-0.324289502,0.3870620555,0.1693457734,-0.1565786097,-0.5902451052,1.299651892,0.1513832238,1.248698695,0.4022144128,-0.1093447914,0.07586624639,-0.638048219,-1.656177963,0.09767487172,-1.235441593
-0.0004218334155,0,0.1617861199,4.966223759e-18,0.7464952889,4.966223759e-18,0.6653907,-0.2943535346,0.004737159689,-0.001327839708,0.2643671311,0.04298508073,-0.004824682895,-0.265404313,0.006153878766,-0.003145668134,0.1811185132,0.0775029952,-0.0068366076,0.001852678653,0.00389350125,-0.3250302705,0.3648751156,0.1687894326,-0.1541429722,-0.5599827485,1.296415621,0.1495349528,1.253464666,0.378035366,-0.1086178259,0.0724017998,-0.6053570549,-1.655276167,0.09924160974,-1.240960485
-0.0009031635811,0,0.1640570985,4.772109597e-18,0.7449994939,4.772109597e-18,0.6670650299,-0.291780653,0.004742858569,-0.001316800716,0.2659593398,0.0388413613,-0.004827311676,-0.2627653976,0.006159473261,-0.003128486116,0.1825599517,0.07344017801,-0.006833832019,0.001837726169,0.003877736521,-0.3261331473,0.3511924905,0.1676172829,-0.1522633363,-0.5478466379,1.29543185,0.1507726968,1.248604143,0.3640326451,-0.107923189,0.07124762498,-0.5937485948,-1.655676548,0.1002661365,-1.235079491
-0.001440274906,0,0.1666054034,4.577971379e-18,0.7434999435,4.577971379e-18,0.6687359972,-0.2911348583,0.004744919092,-0.001314351409,0.2670221535,0.03713878365,-0.004828710219,-0.2620729097,0.006160967081,-0.003124005882,0.1835197864,0.07179135454,-0.006833157127,0.001832895029,0.003868472451,-0.3270339201,0.3319922779,0.1667507791,-0.1499711883,-0.5252219995,1.293143531,0.1505009873,1.24877501,0.3434795789,-0.1071638615,0.06872657026,-0.5699856445,-1.655389548,0.1016531889,-1.235079647
-0.0020294518,0,0.1694115291,4.383810085e-18,0.7419966454,4.383810085e-18,0.6704035936,-0.2907931983,0.004746530049,-0.001313321695,0.2681397198,0.03568337459,-0.00483006107,-0.2616821414,0.006161826607,-0.00312149955,0.184530054,0.0703914986,-0.006832815264,0.001828467229,0.003859088357,-0.3279219366,0.3120608131,0.1658954176,-0.147603148,-0.5016527497,1.290728378,0.1502080477,1.249188401,0.3220881513,-0.1063814112,0.06607607153,-0.5451535441,-1.655065535,0.1030943682,-1.23532918
-0.002666978671,0,0.17245597,4.189626693e-18,0.7404896069,4.189626693e-18,0.6720678106,-0.2907207678,0.004747718147,-0.001313536235,0.2692821824,0.03447033782,-0.004831341207,-0.2615597974,0.006162119201,-0.003120747935,0.1855642696,0.06923412561,-0.006832766765,0.001824293824,0.003849822629,-0.3287974163,0.2914750094,0.1650586107,-0.1451694439,-0.4771477732,1.288183903,0.149864482,1.249905873,0.2999504198,-0.1055816177,0.06330402859,-0.5192622727,-1.654696719,0.1045845946,-1.235909711
-0.003349139931,0,0.1757192207,3.995422182e-18,0.7389788358,3.995422182e-18,0.6737286399,-0.2908837651,0.004748510937,-0.001314826033,0.2704221349,0.03349352216,-0.004832530178,-0.261673534,0.006161910567,-0.003121538215,0.1865980738,0.06831156182,-0.006832973292,0.001820276732,0.003840874949,-0.3296601353,0.2703066279,0.164246325,-0.1426800948,-0.4517196648,1.285509967,0.1494434654,1.250980635,0.27715131,-0.1047695073,0.06041764447,-0.4923259826,-1.654276574,0.1061187837,-1.236892004
-0.004072219986,0,0.1791817755,3.801197531e-18,0.7374643397,3.801197531e-18,0.675386073,-0.2908945533,0.004750625552,-0.001315996844,0.2754441493,0.02846335542,-0.004835019214,-0.2618073477,0.006160446269,-0.003121643228,0.1918700599,0.06314922021,-0.006831806489,0.001836310787,0.003858620544,-0.33005871,0.2548687483,0.1624801993,-0.1408251488,-0.4437844779,1.28564257,0.1528321871,1.240902278,0.2613635202,-0.1038354246,0.0597232565,-0.4856607905,-1.6557143,0.1073369729,-1.224591035
-0.004832503248,0,0.1828241288,3.606953719e-18,0.7359461262,3.606953719e-18,0.6770401017,-0.2916770436,0.004750484779,-0.001320171634,0.2770797742,0.02760787051,-0.004836075141,-0.2625730266,0.006158670472,-0.003126626979,0.1934691727,0.06231066786,-0.006832515802,0.001819159799,0.003844132673,-0.3308700651,0.2327495745,0.1616367878,-0.1382366215,-0.4178171954,1.282950311,0.1526639633,1.241657552,0.2375065421,-0.1029817854,0.05676027788,-0.4571689588,-1.655327367,0.1089557152,-1.225233355
-0.005626274125,0,0.1866267752,3.412691725e-18,0.734424203,3.412691725e-18,0.6786907176,-0.2926341,0.004749965315,-0.001325101926,0.278603838,0.02703797026,-0.004836965341,-0.2635164372,0.00615651648,-0.003132779625,0.1949642258,0.06175360113,-0.006833419161,0.001802116773,0.003830577833,-0.33167202,0.2101047996,0.1608492564,-0.1356013831,-0.3906667296,1.280078859,0.1523040639,1.243070178,0.2130699292,-0.1021281036,0.05366340054,-0.4273879641,-1.654843663,0.1106137793,-1.226645428
-0.006449817027,0,0.1905702091,3.218412529e-18,0.7328985776,3.218412529e-18,0.6803379123,-0.2937236424,0.004749112592,-0.001330582884,0.2799852382,0.02674282397,-0.004837678936,-0.2645958169,0.006154073553,-0.003139827248,0.1963247286,0.06146694804,-0.006834473594,0.001789895701,0.003820667942,-0.3324572171,0.187014581,0.160119916,-0.1329315756,-0.3623726889,1.277029934,0.1517242025,1.24518092,0.1881520638,-0.1012797429,0.05044090553,-0.3966521024,-1.654267425,0.1123039509,-1.228841166
-0.007299416363,0,0.1946349249,3.024117109e-18,0.7313692579,3.024117109e-18,0.6819816776,-0.2949053021,0.004747972763,-0.001336418977,0.2811966471,0.0267095291,-0.004838207929,-0.2657710076,0.00615142823,-0.003147506662,0.1975237333,0.06143768183,-0.006835638071,0.001782569484,0.00381423122,-0.3332246416,0.1635544853,0.1594497553,-0.1302388788,-0.3329777607,1.273811922,0.1509022963,1.248016592,0.162834162,-0.1004404575,0.047099274,-0.3649966146,-1.653595851,0.1140195416,-1.231856828
-0.008171356542,0,0.1988014171,2.829806445e-18,0.7298362515,2.829806445e-18,0.6836220052,-0.2961405411,0.004746592674,-0.001342424642,0.2822147529,0.02692298942,-0.004838547238,-0.2670035959,0.00614866403,-0.003155566273,0.19853812,0.06165067555,-0.006836873424,0.001780173297,0.0038110844,-0.3339732547,0.1397956057,0.1588384993,-0.1275343776,-0.3025295431,1.270435315,0.1498192359,1.251594838,0.1371945491,-0.09961362551,0.0436449233,-0.3324616324,-1.652827338,0.1157536764,-1.235719561
-0.009061921974,0,0.2030501801,2.635481517e-18,0.7282995662,2.635481517e-18,0.6852588867,-0.2973927546,0.00474501977,-0.00134842486,0.2830204619,0.02736581532,-0.004838694714,-0.2682570366,0.006145861105,-0.003163766824,0.1993488435,0.06208857889,-0.006838142286,0.001782696864,0.003811026689,-0.3347020413,0.1158050109,0.1582847926,-0.124828526,-0.2710806373,1.26691257,0.148458968,1.255924515,0.1113089181,-0.09880228388,0.04008424497,-0.2990924051,-1.651961477,0.1174993113,-1.240447325
-0.009967397068,0,0.2073617083,2.441143303e-18,0.7267592097,2.441143303e-18,0.6868923141,-0.2986273585,0.004743301963,-0.001354255632,0.2835990648,0.02801824541,-0.004838651153,-0.2694967591,0.006143095889,-0.003171882029,0.1999411407,0.06273171826,-0.006839409043,0.001790076775,0.003813834739,-0.3354100574,0.09164624652,0.1577863805,-0.1221311313,-0.2386887708,1.26325794,0.1468085719,1.261006102,0.08525059516,-0.09800916016,0.03642365764,-0.2649394795,-1.650999048,0.1192492633,-1.246048877
-0.01088406623,0,0.2117164963,2.246792785e-18,0.7252151897,2.246792785e-18,0.688522279,-0.299811861,0.004741487463,-0.001359764369,0.2839403663,0.02885808889,-0.004838420304,-0.2706902554,0.006140440727,-0.003179699083,0.2003046939,0.06355802091,-0.006840639805,0.001802189057,0.003819258896,-0.3360964771,0.06737988245,0.1573402839,-0.1194513573,-0.2054169634,1.259487293,0.1448583289,1.266832117,0.05909081008,-0.09723669893,0.03266967341,-0.230058837,-1.64994202,0.1209962544,-1.252523802
-0.01180821388,0,0.2160950383,2.052430941e-18,0.7236675141,2.052430941e-18,0.6901487731,-0.3009159187,0.004739624591,-0.001364810183,0.2840387798,0.02986068758,-0.004838008876,-0.2718071481,0.006137963525,-0.003187019044,0.2004337516,0.06454296343,-0.006841802375,0.001818842249,0.003827021006,-0.3367606399,0.04306410008,0.1569429638,-0.1167977453,-0.1713337437,1.255617916,0.1426017895,1.273387517,0.03289897008,-0.09648708069,0.02882897636,-0.194511994,-1.648793544,0.122732967,-1.259862578
-0.01273612442,0,0.220477829,1.858058751e-18,0.7221161906,1.858058751e-18,0.6917717884,-0.3019113777,0.00473776158,-0.001369264088,0.2838933869,0.03099889722,-0.004837426527,-0.2728192379,0.006135727424,-0.00319365709,0.2003272035,0.06565954465,-0.006842866245,0.001821381989,0.003827758956,-0.337428984,0.01875870614,0.1565935761,-0.1141768585,-0.1364997127,1.251678963,0.1400467327,1.280640118,0.006675014817,-0.09575413701,0.02490035364,-0.1572847278,-1.647528568,0.1244513296,-1.268173392
-0.01366408225,0,0.2248453627,1.663677195e-18,0.7205612271,1.663677195e-18,0.6933913166,-0.3004330461,0.00473829426,-0.001361442793,0.2772915965,0.03611847148,-0.004835742298,-0.2710151236,0.006141839787,-0.003182742511,0.1930435511,0.07113946359,-0.006843231203,0.001783203761,0.003794607903,-0.3386784963,-0.007825090891,0.1572201464,-0.11159951,-0.08446270454,1.245351567,0.1318384114,1.301570464,-0.02365303582,-0.09528661708,0.01879469107,-0.0986152972,-1.644168088,0.1260691752,-1.293632959
-0.01458837179,0,0.2291781338,1.469287253e-18,0.7190026314,1.469287253e-18,0.6950073496,-0.3010941007,0.004736806931,-0.001364270733,0.2770267456,0.03704060132,-0.004835050376,-0.2717027606,0.006140288952,-0.003187202778,0.1928376785,0.07203019735,-0.006843881106,0.001782130917,0.003796657471,-0.3392906192,-0.03147723386,0.1568540559,-0.1091205965,-0.04998211589,1.241608921,0.1290385827,1.309063005,-0.04928377664,-0.09459177521,0.01487948131,-0.06138234836,-1.642908489,0.1277022421,-1.302386933
-0.01550527746,0,0.2334566369,1.274889905e-18,0.7174404114,1.274889905e-18,0.6966198792,-0.3016366694,0.004735388605,-0.001366490003,0.2766349978,0.03797197071,-0.004834249379,-0.2722781908,0.006138967306,-0.003190922995,0.1925180989,0.0729235663,-0.006844392613,0.001781541155,0.003799482679,-0.3398798435,-0.05498326646,0.1565134379,-0.1066843266,-0.01518608107,1.237857612,0.1260280982,1.316987353,-0.07476150029,-0.09391996454,0.01091844491,-0.02378228651,-1.641599219,0.1293075595,-1.311687212
-0.01641108365,0,0.2376613663,1.08048613e-18,0.7158745749,1.08048613e-18,0.6982288973,-0.3020442199,0.004734077321,-0.001368030102,0.2761260908,0.03888643145,-0.004833357038,-0.2727243107,0.006137912475,-0.003193791952,0.1920932635,0.07379411056,-0.006844748127,0.001781438577,0.003803014049,-0.3404471308,-0.07829615408,0.1561956024,-0.1042950109,0.01984611455,1.234109961,0.1228141451,1.325309705,-0.1000345975,-0.0932722193,0.006918329491,0.0140959039,-1.640246424,0.1308807424,-1.321495187
-0.01730207477,0,0.2417728166,8.860769081e-19,0.7143051298,8.860769081e-19,0.6998343958,-0.302301413,0.00473291167,-0.001368827287,0.2755122517,0.03975653107,-0.004832393589,-0.2730250916,0.006137160015,-0.003195705588,0.19157386,0.07461519468,-0.006844931484,0.001781806976,0.003807175448,-0.340993995,-0.1013679846,0.1558977054,-0.1019567871,0.05502960933,1.230378403,0.1194062708,1.333991653,-0.1250502401,-0.09264922649,0.002886766279,0.05215671703,-1.638857118,0.1324176852,-1.331766347
-0.01817453524,0,0.2457714821,6.916632201e-19,0.7127320841,6.916632201e-19,0.7014363665,-0.302394107,0.004731930775,-0.0013688246,0.2748081974,0.04055351734,-0.004831381769,-0.2731655861,0.006136743387,-0.00319656703,0.1909728169,0.0753590098,-0.00684492796,0.001782604407,0.003811886037,-0.3415225899,-0.1241497424,0.155616756,-0.09967367248,0.0902738483,1.226675448,0.1158164421,1.342990251,-0.1497540739,-0.09205124519,-0.001167609078,0.09029792469,-1.637439193,0.1339146062,-1.342450302
-0.01902474947,0,0.2496378573,4.972460456e-19,0.7111554457,4.972460456e-19,0.7030348015,-0.299500762,0.004734246922,-0.00135426146,0.269830068,0.04263221905,-0.004829430382,-0.2702548983,0.006144072486,-0.003177675592,0.1859581699,0.07746327032,-0.006842621158,0.001924993823,0.003865537355,-0.3420679463,-0.1454245029,0.1559935944,-0.09812331017,0.1360514555,1.221981393,0.1070247195,1.363081999,-0.1780827092,-0.09189762016,-0.007280471747,0.1465397186,-1.634534869,0.1352765843,-1.367895018
-0.01984900186,0,0.2533524366,1.400954585e-18,0.7095752224,1.400954585e-18,0.7046296926,-0.2987951257,0.004734646235,-0.001350639287,0.269081151,0.04268059305,-0.004828779546,-0.2695899289,0.006145416834,-0.003173287672,0.1852946987,0.07746871622,-0.006841796756,0.001926331113,0.003863993515,-0.3426397083,-0.1665837688,0.155725268,-0.09612964676,0.1699701611,1.21860061,0.1031806396,1.372229386,-0.1997004202,-0.0914205927,-0.01099181304,0.181472134,-1.633184771,0.1365662263,-1.378411781
-0.02064357683,0,0.2568957145,5.015108313e-19,0.7079914224,5.015108313e-19,0.7062210318,-0.297862049,0.004735174254,-0.001345849617,0.2680908432,0.04274455895,-0.004827918933,-0.2687106267,0.006147194493,-0.003167485439,0.1844173776,0.07747591745,-0.006840706633,0.001927226249,0.003862369406,-0.3431701126,-0.1874915525,0.1555274215,-0.09424413883,0.2047836119,1.215184463,0.09884816539,1.382448949,-0.2206913469,-0.09100472757,-0.01476357193,0.2169530059,-1.631724969,0.1377880602,-1.390151573
-0.02140475878,0,0.2602481855,5.164177711e-19,0.7064040535,5.164177711e-19,0.7078088112,-0.2969289723,0.004735702273,-0.001341059947,0.2671005354,0.04280852485,-0.004827058321,-0.2678313245,0.006148972151,-0.003161683206,0.1835400565,0.07748311868,-0.00683961651,0.001928121385,0.003860745297,-0.3437005169,-0.2083993362,0.155329575,-0.09235863089,0.2395970626,1.211768316,0.09451569114,1.392668512,-0.2416822735,-0.09058886244,-0.01853533083,0.2524338779,-1.630265166,0.1390098941,-1.401891366
-0.02212883212,0,0.2633903439,3.442799603e-19,0.7048131238,3.442799603e-19,0.7093930226,-0.2959958956,0.004736230292,-0.001336270277,0.2661102276,0.04287249075,-0.004826197708,-0.2669520223,0.006150749809,-0.003155880972,0.1826627355,0.07749031991,-0.006838526387,0.001929016521,0.003859121187,-0.3442309212,-0.2293071199,0.1551317285,-0.09047312295,0.2744105134,1.208352169,0.09018321689,1.402888075,-0.2626732001,-0.09017299731,-0.02230708972,0.2879147498,-1.628805364,0.140231728,-1.413631158
-0.02281208126,0,0.2663026842,1.72140414e-19,0.7032186413,1.72140414e-19,0.7109736581,-0.2950628188,0.004736758312,-0.001331480607,0.2651199199,0.04293645665,-0.004825337096,-0.2660727202,0.006152527468,-0.003150078739,0.1817854144,0.07749752114,-0.006837436264,0.001929911658,0.003857497078,-0.3447613255,-0.2502149037,0.154933882,-0.08858761501,0.3092239641,1.204936022,0.08585074264,1.413107638,-0.2836641268,-0.08975713218,-0.02607884861,0.3233956217,-1.627345561,0.1414535619,-1.42537095
-0.02345079062,0,0.2689657009,0,0.701620614,0,0.7125507098,-0.2941297421,0.004737286331,-0.001326690937,0.2641296121,0.04300042254,-0.004824476483,-0.265193418,0.006154305126,-0.003144276506,0.1809080934,0.07750472236,-0.006836346141,0.001930806794,0.003855872969,-0.3452917298,-0.2711226874,0.1547360355,-0.08670210707,0.3440374149,1.201519875,0.08151826839,1.423327201,-0.3046550534,-0.08934126705,-0.0298506075,0.3588764937,-1.625885759,0.1426753958,-1.437110743
-0.02407444996,0,0.2714860164,0,0.7009900943,0,0.7131710088,-0.2941297421,0.004737286331,-0.001326690937,0.2641296121,0.04300042254,-0.004824476483,-0.265193418,0.006154305126,-0.003144276506,0.1809080934,0.07750472236,-0.006836346141,0.001930806794,0.003855872969,-0.3452917298,-0.2820189423,0.1548102634,-0.08583865873,0.364482358,1.200228099,0.07777489128,1.429697294,-0.3140853284,-0.08949073188,-0.03176272932,0.3773314813,-1.624902714,0.1431438883,-1.440012691
-0.02471309396,0,0.2739797602,0,0.7003590123,0,0.7137907634,-0.2941297421,0.004737286331,-0.001326690937,0.2641296121,0.04300042254,-0.004824476483,-0.265193418,0.006154305126,-0.003144276506,0.1809080934,0.07750472236,-0.006836346141,0.001930806794,0.003855872969,-0.3452917298,-0.2929151973,0.1548844913,-0.08497521038,0.3849273012,1.198936323,0.07403151418,1.436067387,-0.3235156034,-0.0896401967,-0.03367485114,0.395786469,-1.623919669,0.1436123807,-1.44291464
-0.02536382438,0,0.2764416879,0,0.6997273695,0,0.7144099722,-0.2941297421,0.004737286331,-0.001326690937,0.2641296121,0.04300042254,-0.004824476483,-0.265193418,0.006154305126,-0.003144276506,0.1809080934,0.07750472236,-0.006836346141,0.001930806794,0.003855872969,-0.3452917298,-0.3038114522,0.1549587191,-0.08411176203,0.4053722444,1.197644547,0.07028813707,1.442437481,-0.3329458784,-0.08978966153,-0.03558697295,0.4142414567,-1.622936624,0.1440808732,-1.445816588
-0.02602374299,0,0.2788665545,0,0.6990951674,0,0.7150286337,-0.2941297421,0.004737286331,-0.001326690937,0.2641296121,0.04300042254,-0.004824476483,-0.265193418,0.006154305126,-0.003144276506,0.1809080934,0.07750472236,-0.006836346141,0.001930806794,0.003855872969,-0.3452917298,-0.3147077071,0.155032947,-0.08324831368,0.4258171876,1.196352771,0.06654475997,1.448807574,-0.3423761534,-0.08993912635,-0.03749909477,0.4326964444,-1.621953579,0.1445493656,-1.448718537
-0.02668995155,0,0.2812491156,0,0.6984624074,0,0.7156467463,-0.2988262069,0.004727606949,-0.00134720678,0.2623064942,0.04948527273,-0.004820509453,-0.2699936897,0.006143995527,-0.003175528898,0.1793225804,0.08386091747,-0.006841288398,0.00204166893,0.003878369098,-0.344415986,-0.3369198628,0.1548620338,-0.08020388295,0.4580930382,1.192907054,0.06263954942,1.456699953,-0.365538568,-0.09016126525,-0.04131584374,0.4679023887,-1.62007439,0.1458821162,-1.455511476
-0.02735955182,0,0.2835841265,0,0.6978290909,0,0.7162643086,-0.2997423266,0.004725925307,-0.001351314344,0.2621510458,0.05055009027,-0.004819979647,-0.2709190472,0.006142024529,-0.00318156495,0.1791897711,0.08491282338,-0.006842268479,0.002064526054,0.003884406219,-0.344228215,-0.3499364217,0.1549337289,-0.07896739309,0.4807492936,1.191251959,0.05881537324,1.463347734,-0.377527031,-0.09038682973,-0.04360296485,0.4895158459,-1.618903919,0.1464809465,-1.459197704
-0.02802964556,0,0.2858663424,0,0.6971952195,0,0.7168813192,-0.3006294207,0.004724347784,-0.001355317775,0.2620498127,0.0515318868,-0.004819526714,-0.2718123751,0.006140125841,-0.003187394934,0.179104622,0.08588511756,-0.006843221452,0.00208720892,0.003890725688,-0.3440384972,-0.3628679866,0.155018233,-0.07775650333,0.5033176729,1.189623882,0.05497767573,1.469986126,-0.3894089703,-0.09062852786,-0.04588025186,0.5110101788,-1.61773539,0.1470649841,-1.462871905
-0.02869733455,0,0.2880905186,0,0.6965607947,0,0.7174977765,-0.3014786017,0.004722882848,-0.001359173211,0.2619966948,0.05242793946,-0.004819146518,-0.2726651147,0.006138317062,-0.003192962579,0.1790617142,0.08677473933,-0.0068441372,0.002109523073,0.003897224939,-0.3438480921,-0.3756980949,0.1551142977,-0.07657308584,0.525781209,1.188024735,0.05112819439,1.47661387,-0.4011650488,-0.09088423022,-0.04814422389,0.5323601871,-1.616570909,0.1476340449,-1.466526867
-0.02935972053,0,0.2902514106,0,0.6959258177,0,0.7181136792,-0.3022811033,0.004721539046,-0.001362837487,0.2619858659,0.05323537199,-0.004818835214,-0.2734688138,0.006136615587,-0.003198212328,0.1790558713,0.0875784908,-0.006845005759,0.00213126222,0.00390379927,-0.3436584316,-0.3884100473,0.1552206271,-0.07541897634,0.5481222702,1.186456392,0.04726896041,1.483229219,-0.4127756411,-0.09115167128,-0.05039133971,0.5535399649,-1.61541263,0.1481879908,-1.470154822
-0.03001390528,0,0.2923437736,0,0.6952902903,0,0.7187290256,-0.3030282808,0.004720325007,-0.001366268139,0.2620117736,0.05395115477,-0.004818589244,-0.2742151266,0.006135038613,-0.003203089335,0.1790821587,0.08829303696,-0.006845817319,0.002152207753,0.003910341802,-0.3434711374,-0.4009869107,0.1553358768,-0.07429597494,0.5703226095,1.184920671,0.04340228763,1.489829965,-0.4242208427,-0.09142844306,-0.05261799767,0.5745229566,-1.614262752,0.1487267325,-1.473747478
-0.03065699056,0,0.294362363,0,0.6946542137,0,0.7193438145,-0.3037116116,0.004719249439,-0.001369423408,0.2620691402,0.05457210493,-0.004818405341,-0.2748958142,0.006133603129,-0.003207539469,0.1791358842,0.08891490575,-0.006846562226,0.002172128258,0.003916743497,-0.343288039,-0.4134115267,0.155458653,-0.07320584683,0.5923634276,1.183419326,0.03953075855,1.496413478,-0.435480487,-0.09171198894,-0.05482053734,0.5952820269,-1.61312351,0.1492502329,-1.477296067
-0.03128607813,0,0.296301934,0,0.6940175896,0,0.7199580442,-0.304322695,0.004718321133,-0.001372262235,0.2621529623,0.05509488637,-0.004818280525,-0.275502745,0.006132325924,-0.003211509315,0.1792125984,0.08944048818,-0.006847230976,0.002190779016,0.003922893219,-0.3431111931,-0.4256665295,0.1555875117,-0.07215032264,0.614225455,1.181954026,0.03565720678,1.502976751,-0.4465341696,-0.09199959797,-0.05699524295,0.6157895493,-1.611997179,0.1497585098,-1.480791383
-0.03189826975,0,0.2981572421,0,0.6933804193,0,0.7205717134,-0.3048532528,0.004717548957,-0.001374744268,0.262258511,0.05551600989,-0.004818212108,-0.2760278947,0.006131223579,-0.003214946175,0.1793080943,0.08986603839,-0.006847814224,0.002207901488,0.003928677842,-0.3429429038,-0.4377343721,0.1557209574,-0.07113109851,0.6358890532,1.18052634,0.03178469516,1.509516453,-0.4573612824,-0.09228839963,-0.05913834912,0.6360175138,-1.610886056,0.1502516397,-1.484223849
-0.03249066719,0,0.2999230425,0,0.6927427044,0,0.7211848206,-0.3052951297,0.004716941861,-0.001376829861,0.2623813327,0.05583183326,-0.004818197689,-0.2764633469,0.006130312474,-0.003217798072,0.1794184081,0.09018767376,-0.006848302778,0.002223222768,0.003933982402,-0.3427857448,-0.4495973646,0.1558574417,-0.07014983584,0.6573343402,1.179137727,0.02791648893,1.516028994,-0.4679410585,-0.09257535935,-0.06124604898,0.6559376574,-1.60979246,0.1507297604,-1.487583581
-0.0330603722,0,0.3015940906,0,0.6921044464,0,0.7217973644,-0.3056402933,0.004716508873,-0.001378480075,0.2625172487,0.05603856127,-0.004818235158,-0.276801293,0.00612960878,-0.003220013751,0.1795398191,0.09040137498,-0.006848687601,0.002236455002,0.003938690299,-0.3426425816,-0.4612377231,0.1559953617,-0.06920816056,0.6785413421,1.177789515,0.02405602311,1.5225106,-0.4782526287,-0.09285727507,-0.06331450514,0.6755216197,-1.608718718,0.1511930743,-1.490860471
-0.03360448656,0,0.3031651417,0,0.6914656468,0,0.7224093433,-0.3058808346,0.0047162591,-0.00137965668,0.2626623557,0.05613224587,-0.004818322695,-0.2770340326,0.006129128464,-0.003221542677,0.1796688495,0.0905029862,-0.006848959811,0.002247294738,0.003942683524,-0.3425165951,-0.4726376343,0.1561330583,-0.06830766194,0.6994901745,1.176482889,0.02020686312,1.5289574,-0.4882750923,-0.09313077497,-0.06533986389,0.6947411275,-1.607667154,0.1516418521,-1.494044288
-0.03412011203,0,0.3046309511,0,0.690826307,0,0.723020756,-0.306008968,0.00471620173,-0.001380322159,0.2628130256,0.05610878625,-0.00481845877,-0.2771539741,0.006128887286,-0.003222335045,0.1798022653,0.09048821508,-0.006849110685,0.002255422204,0.003945842919,-0.342411306,-0.4837793345,0.1562688142,-0.06744989089,0.7201612578,1.175218875,0.01637265787,1.535365536,-0.4979876024,-0.09339231672,-0.06731827292,0.7135682103,-1.606640075,0.1520764351,-1.497124783
-0.03460435036,0,0.3059862742,0,0.6901864286,0,0.7236316008,-0.3060170318,0.004716346026,-0.001380439704,0.2629659063,0.05596392891,-0.004818642141,-0.2771536345,0.0061289008,-0.003222341773,0.1799370759,0.09035263296,-0.006849131653,0.002260500462,0.003948048449,-0.3423305993,-0.494645207,0.1564008526,-0.0666363576,0.740535569,1.173998324,0.01255708407,1.541731279,-0.5073694688,-0.09363818868,-0.06924590318,0.7319754511,-1.605639755,0.1524972384,-1.500091825
-0.03505430332,0,0.3072258662,0,0.6895460131,0,0.7242418766,-0.3058974887,0.004716701334,-0.001379973222,0.2631179213,0.05569326779,-0.00481887186,-0.2770256397,0.00612918435,-0.003221514508,0.1800705345,0.09009167487,-0.006849014304,0.002262174419,0.003949179478,-0.3422787497,-0.5052178988,0.1565273352,-0.06586852854,0.7605949352,1.172821901,0.008763780971,1.548051175,-0.5164002798,-0.09386451313,-0.07111897508,0.7499362757,-1.604668413,0.1529047534,-1.502935551
-0.03546707268,0,0.3083444825,0,0.688905062,0,0.7248515817,-0.3056429253,0.004717277075,-0.001378887332,0.2632662701,0.05529224436,-0.004819147264,-0.2767627252,0.006129753073,-0.003219805629,0.1802001379,0.08970063977,-0.00684875038,0.002260069632,0.003949115012,-0.3422604458,-0.5154804588,0.156646361,-0.06514782265,0.7803223715,1.171690068,0.004996274153,1.554322199,-0.5250600441,-0.09406725235,-0.07293378975,0.7674252842,-1.603728195,0.1532995497,-1.505646534
-0.0358397602,0,0.3093368785,0,0.6882635768,0,0.7254607149,-0.3052460534,0.004718082748,-0.001377147372,0.2634084283,0.05475614776,-0.004819467985,-0.2763577359,0.006130621898,-0.003217168245,0.1803236273,0.08917469055,-0.006848331785,0.002253790861,0.003947733911,-0.3422808146,-0.5254164994,0.1567559645,-0.06447560679,0.799702467,1.170603076,0.001257887598,1.560541944,-0.5333293562,-0.09424221757,-0.07468676564,0.7844186273,-1.602821146,0.1536822769,-1.508215983
-0.03616946763,0,0.3101978094,0,0.6876215591,0,0.7260692746,-0.3046997091,0.00471912793,-0.001374719395,0.2635421478,0.05408011484,-0.004819833943,-0.2758036263,0.006131805544,-0.003213556199,0.1804389877,0.08850885423,-0.006847750578,0.002242920293,0.003944915007,-0.3423454441,-0.5350103836,0.1568541159,-0.06385319018,0.8187218222,1.169560951,-0.002448357222,1.566708826,-0.5411895865,-0.09438508153,-0.07637448107,0.8008944318,-1.601949183,0.1540536659,-1.510635961
-0.03645329675,0,0.3109220307,0,0.6869790103,0,0.7266772595,-0.3039968541,0.004720422276,-0.001371570172,0.2636654569,0.05325913036,-0.004820245349,-0.2750934614,0.00613331852,-0.003208924069,0.1805444484,0.08769802204,-0.006846998975,0.002227015371,0.003940537115,-0.3424604042,-0.5442474384,0.1569387202,-0.06328181797,0.8373695407,1.168563491,-0.006119856052,1.572822316,-0.5486230971,-0.09449139514,-0.07799372311,0.8168332782,-1.60111406,0.1544145285,-1.512899636
-0.03668834932,0,0.3115042975,0,0.686335932,0,0.7272846681,-0.3031305755,0.004721975517,-0.001367667194,0.2637766605,0.05228802703,-0.004820702705,-0.2742204161,0.006135175126,-0.003203227171,0.1806384832,0.08673694957,-0.006846069351,0.00220560612,0.003934478883,-0.3426322649,-0.5531141967,0.1570076183,-0.06276266374,0.8556377754,1.16761026,-0.009754551169,1.578883199,-0.555613487,-0.09455660863,-0.07954154331,0.8322187319,-1.600317334,0.1547657572,-1.515001557
-0.03687172709,0,0.3119393653,0,0.6856923257,0,0.7278914991,-0.3020940857,0.00472379746,-0.001362978674,0.2638743401,0.05116148572,-0.004821206802,-0.273177776,0.006137389451,-0.003196421557,0.1807198103,0.08562025686,-0.006844954239,0.002178191893,0.003926618431,-0.3428681107,-0.5615986678,0.1570585883,-0.06229682102,0.8735223319,1.166700585,-0.01335107584,1.584893856,-0.5621458659,-0.09457609787,-0.08101532061,0.8470379313,-1.599560323,0.155108323,-1.516937963
-0.03700053184,0,0.3122219893,0,0.6850481929,0,0.7284977511,-0.3008807235,0.004725897991,-0.001357473544,0.263957354,0.04987403549,-0.004821758723,-0.2719589375,0.00613997537,-0.003188464021,0.1807873924,0.0843424286,-0.006843646332,0.002144237414,0.003916832731,-0.34317555,-0.5696906365,0.1570893488,-0.06188529365,0.8910233254,1.165833563,-0.0169089141,1.590858578,-0.5682071598,-0.09454519642,-0.08241283172,0.8612822333,-1.598844061,0.1554432726,-1.518707122
-0.03707186532,0,0.3123469249,0,0.6844035352,0,0.7291034227,-0.2941297421,0.004737286331,-0.001326690937,0.2641296121,0.04300042254,-0.004824476483,-0.265193418,0.006154305126,-0.003144276506,0.1809080934,0.07750472236,-0.006836346141,0.001930806794,0.003855872969,-0.3452917298,-0.5653215708,0.1567401885,-0.06338900164,0.8960508805,1.166641918,-0.01955291346,1.59531972,-0.5592724784,-0.0933768173,-0.08147789654,0.8571611613,-1.599343541,0.1553246921,-1.515463355
-0.0370828293,0,0.3123089275,0,0.6837583542,0,0.7297085124,-0.2941297421,0.004737286331,-0.001326690937,0.2641296121,0.04300042254,-0.004824476483,-0.265193418,0.006154305126,-0.003144276506,0.1809080934,0.07750472236,-0.006836346141,0.001930806794,0.003855872969,-0.3452917298,-0.5762178257,0.1568144164,-0.06252555329,0.9164958237,1.165350142,-0.02329629057,1.601689813,-0.5687027534,-0.09352628213,-0.08339001836,0.875616149,-1.598360496,0.1557931846,-1.518365304
-0.03703052554,0,0.3121027523,0,0.6831126513,0,0.7303130189,-0.2941297421,0.004737286331,-0.001326690937,0.2641296121,0.04300042254,-0.004824476483,-0.265193418,0.006154305126,-0.003144276506,0.1809080934,0.07750472236,-0.006836346141,0.001930806794,0.003855872969,-0.3452917298,-0.5871140807,0.1568886443,-0.06166210494,0.9369407668,1.164058366,-0.02703966767,1.608059907,-0.5781330284,-0.09367574695,-0.08530214017,0.8940711366,-1.597377451,0.156261677,-1.521267253
-0.03691205581,0,0.3117231547,0,0.6824664282,0,0.7309169408,-0.2941297421,0.004737286331,-0.001326690937,0.2641296121,0.04300042254,-0.004824476483,-0.265193418,0.006154305126,-0.003144276506,0.1809080934,0.07750472236,-0.006836346141,0.001930806794,0.003855872969,-0.3452917298,-0.5980103356,0.1569628721,-0.06079865659,0.95738571,1.16276659,-0.03078304478,1.61443,-0.5875633034,-0.09382521177,-0.08721426199,0.9125261243,-1.596394406,0.1567301695,-1.524169201
-0.03672088048,0,0.3111361822,3.238794257e-20,0.6835737908,3.238794257e-20,0.7298814099,-0.2942065378,0.004737167586,-0.00132704663,0.2641381264,0.04306814068,-0.004824458335,-0.2652698029,0.006154144214,-0.003144776009,0.1809159536,0.07757266957,-0.006836430022,0.001929514819,0.003853653479,-0.3453217322,-0.5790584459,0.1567527953,-0.06244501875,0.9245323595,1.165244746,-0.02538653849,1.601557378,-0.5671498347,-0.09317975141,-0.08320712801,0.8783672274,-1.598432124,0.1559452461,-1.510109319
-0.03645495975,0,0.3103190761,6.477581069e-20,0.6846795822,6.477581069e-20,0.7288442012,-0.2942833335,0.004737048841,-0.001327402324,0.2641466407,0.04313585881,-0.004824440187,-0.2653461878,0.006153983302,-0.003145275513,0.1809238139,0.07764061677,-0.006836513903,0.001928222844,0.00385143399,-0.3453517347,-0.5601065562,0.1565427184,-0.06409138091,0.891679009,1.167722903,-0.01999003221,1.588684756,-0.5467363661,-0.09253429105,-0.07919999402,0.8442083305,-1.600469843,0.1551603226,-1.496049437
-0.03611814514,0,0.3092833824,9.716352991e-20,0.6857837998,9.716352991e-20,0.7278053173,-0.2943601291,0.004736930097,-0.001327758017,0.264155155,0.04320357695,-0.004824422039,-0.2654225727,0.006153822389,-0.003145775016,0.1809316741,0.07770856397,-0.006836597784,0.001926930869,0.0038492145,-0.3453817371,-0.5411546665,0.1563326416,-0.06573774306,0.8588256584,1.170201059,-0.01459352593,1.575812134,-0.5263228975,-0.09188883069,-0.07519286004,0.8100494336,-1.602507562,0.1543753992,-1.481989554
-0.03571428814,0,0.3080406469,1.295510258e-19,0.6868864411,1.295510258e-19,0.7267647605,-0.3015125647,0.00472692718,-0.001361426002,0.2659851804,0.04847523031,-0.004823990175,-0.2724810064,0.006139027251,-0.003192011992,0.1825807562,0.08306319973,-0.006844506163,0.002012423277,0.003858530417,-0.3454829759,-0.5297740369,0.1560253776,-0.06438515312,0.8240601278,1.170214953,-0.00506401269,1.554650394,-0.5147473719,-0.09037244888,-0.07150301189,0.7756694469,-1.604190314,0.1548809736,-1.458896873
-0.03524724027,0,0.3066024156,1.619382239e-19,0.6879875035,1.619382239e-19,0.7257225331,-0.302759664,0.00472524952,-0.001367330721,0.2663702261,0.04932856309,-0.004823996567,-0.2737081978,0.006136458658,-0.003200056734,0.18292668,0.08393488936,-0.006845893798,0.002015413813,0.003853764329,-0.3456179219,-0.5116834849,0.1557344711,-0.06549431227,0.7898977135,1.172299026,0.001309293723,1.539797887,-0.4952611403,-0.08948479165,-0.06740926342,0.7401559584,-1.606258099,0.1543397234,-1.442470585
-0.03472085302,0,0.3049802344,1.943250498e-19,0.6890869845,1.943250498e-19,0.7246786376,-0.3037860514,0.004723893423,-0.001372203173,0.2667118238,0.05000624887,-0.004824032262,-0.2747169052,0.006134348535,-0.003206671714,0.1832332908,0.08462911461,-0.006847039243,0.002014288725,0.003847681127,-0.3457646201,-0.4932524679,0.1554289045,-0.06668461227,0.7555030299,1.174468644,0.007637269089,1.525024531,-0.4753547622,-0.08860328,-0.06326844952,0.7042699379,-1.608362899,0.1537649397,-1.426075593
-0.03413897791,0,0.3031856491,2.26711429e-19,0.6901848816,2.26711429e-19,0.7236330764,-0.3046018489,0.004722837652,-0.001376087348,0.2670056284,0.05052267974,-0.004824088027,-0.2755174959,0.006132674666,-0.003211924348,0.1834968023,0.0851599663,-0.006847952868,0.002010062419,0.003840653488,-0.3459148744,-0.4745192634,0.1551123899,-0.06795380028,0.7209345167,1.176720699,0.01390772403,1.510354577,-0.4550777317,-0.08773419853,-0.05909044618,0.6680941699,-1.610498784,0.1531562958,-1.409752727
-0.03350546644,0,0.3012302057,2.590972871e-19,0.6912811923,2.590972871e-19,0.7225858518,-0.3052176087,0.004722061203,-0.001379029685,0.2672482138,0.0508917559,-0.004824155608,-0.2761207175,0.0061314141,-0.003215884597,0.1837142402,0.08554109775,-0.006848645603,0.002003570292,0.003833021544,-0.346062079,-0.4555218985,0.1547884923,-0.06929949054,0.6862516962,1.179051345,0.02010878618,1.495812382,-0.4344792025,-0.08688284165,-0.05488479857,0.6317119021,-1.612659752,0.152513813,-1.393542369
-0.03282417012,0,0.2991254502,2.914825496e-19,0.6923759139,2.914825496e-19,0.7215369663,-0.3056443125,0.004721543307,-0.001381079075,0.2674370732,0.05112688471,-0.004824227729,-0.2765376967,0.006130543162,-0.003218624956,0.1838834428,0.08578572382,-0.006849128945,0.001995498148,0.003825093623,-0.3462010111,-0.436297545,0.1544606381,-0.0707191808,0.651513586,1.18145608,0.02622920813,1.48142168,-0.4136071867,-0.08605356186,-0.05066056066,0.5952049204,-1.61483986,0.1518378352,-1.377483478
-0.03209894044,0,0.2968829284,3.238671422e-19,0.6934690442,3.238671422e-19,0.7204864223,-0.3058933699,0.004721263431,-0.001382286853,0.2675706183,0.05124097988,-0.004824298091,-0.2767799379,0.006130037451,-0.003220220448,0.1840030599,0.08590661998,-0.006849414949,0.001986407625,0.003817147484,-0.3463276345,-0.4168821,0.1541321258,-0.07221026189,0.6167775152,1.183929829,0.03225858168,1.467205045,-0.3925080172,-0.08524984241,-0.04642619732,0.5586521728,-1.617033307,0.1511289998,-1.361612878
-0.03133362893,0,0.2945141862,3.562509903e-19,0.6945605804,3.562509903e-19,0.7194342223,-0.3059766176,0.004721201277,-0.001382706788,0.2676481793,0.05124646053,-0.004824361372,-0.2768593222,0.006129871838,-0.003220748616,0.184072553,0.08591612138,-0.006849516229,0.001976757797,0.003809431832,-0.3464389197,-0.397309917,0.1538061366,-0.07377002184,0.5820982811,1.186467014,0.03818747671,1.453183502,-0.3712260198,-0.08447438404,-0.04218953589,0.5221288337,-1.6192345,0.1503882066,-1.34596479
-0.03053208707,0,0.2920307695,3.886340195e-19,0.6956505201,3.886340195e-19,0.7183803685,-0.3059063176,0.004721336782,-0.001382395084,0.2676700043,0.05115525042,-0.004824413228,-0.2767881062,0.006130020472,-0.003220289515,0.184092195,0.08582612202,-0.006849445959,0.00196692332,0.003802168006,-0.3465326812,-0.3776136599,0.1534857446,-0.07539564595,0.5475275824,1.189061636,0.04400752161,1.439376274,-0.3498033487,-0.0837291984,-0.03795775591,0.4857057177,-1.621438083,0.1496165878,-1.330570519
-0.02969816639,0,0.2894442243,4.210161555e-19,0.6967388608,4.210161555e-19,0.7173248635,-0.3056951564,0.004721650124,-0.001381410368,0.2676372589,0.05097877712,-0.004824450294,-0.2765789206,0.00613045678,-0.003218925706,0.1840630697,0.08564807382,-0.006849217868,0.001957209531,0.003795551729,-0.3466074339,-0.3578242503,0.1531739258,-0.07708421373,0.5131136744,1.19170733,0.04971143973,1.425800615,-0.3282799452,-0.08301570224,-0.03373740769,0.4494489598,-1.623638955,0.1488154779,-1.315458293
-0.02883571838,0,0.2867660965,4.533973237e-19,0.6978256,4.533973237e-19,0.7162677097,-0.3053562434,0.004722121717,-0.001379813687,0.2675520259,0.05072797119,-0.00482447018,-0.2762447693,0.006131153468,-0.003216742243,0.1839870717,0.08539298581,-0.00684884624,0.001947864951,0.003789754869,-0.3466622682,-0.3379708878,0.1528735653,-0.0788326937,0.4789011962,1.194397433,0.05529305402,1.412471728,-0.3066935889,-0.08233480857,-0.02953445198,0.4134198978,-1.625832279,0.1479863875,-1.300653189
-0.02794859455,0,0.2840079319,4.857774497e-19,0.6989107352,4.857774497e-19,0.7152089095,-0.3049031098,0.004722732211,-0.001377668502,0.2674173043,0.05041326544,-0.004824471473,-0.2757990278,0.006132082523,-0.003213826668,0.1838669056,0.08507142325,-0.006848345915,0.001939091581,0.003784927173,-0.346696742,-0.3180811238,0.1525874629,-0.08063793685,0.4449311274,1.197125027,0.06074727,1.399402737,-0.2850800152,-0.08168701199,-0.02535431477,0.377675101,-1.628013466,0.1471309779,-1.286177127
-0.02704064641,0,0.2811812765,5.181564591e-19,0.6999942639,5.181564591e-19,0.7141484653,-0.3043497073,0.0047234625,-0.001375040679,0.2672370094,0.0500445942,-0.004824453739,-0.2752554424,0.006133215213,-0.003210269005,0.1837060861,0.08469350691,-0.006847732281,0.001931053381,0.003781197936,-0.3467107889,-0.2981809725,0.1523183364,-0.0824966692,0.411240841,1.199882994,0.06607004481,1.386604699,-0.2634730794,-0.08107246643,-0.0212019522,0.3422665042,-1.630178171,0.1462510409,-1.272048921
-0.02611572546,0,0.2782976763,5.505342775e-19,0.7010761836,5.505342775e-19,0.7130863796,-0.3037104064,0.004724293713,-0.001371998488,0.2670159717,0.04963139254,-0.004824417517,-0.2746281284,0.00613452209,-0.003206161746,0.183508937,0.08426891217,-0.00684702128,0.001923883241,0.003778677606,-0.3467046403,-0.278295049,0.1520688227,-0.08440548404,0.3778642239,1.202664053,0.07125834872,1.374086639,-0.2419049525,-0.08049105423,-0.01708192213,0.3072416109,-1.63232227,0.14534848,-1.258284349
-0.0251776832,0,0.275368677,5.829108305e-19,0.7021564919,5.829108305e-19,0.7120226548,-0.3029999958,0.004725207224,-0.00136861259,0.2667599365,0.04918259559,-0.004824364324,-0.273931569,0.006135972995,-0.003201599845,0.1832805911,0.08380686834,-0.006846229402,0.001917688734,0.003777459285,-0.34667876,-0.2584467249,0.1518414769,-0.08636083419,0.3448318426,1.205460803,0.07631012358,1.361855614,-0.2204063372,-0.07994244613,-0.01299845946,0.2726437425,-1.634441843,0.1444252968,-1.244896244
-0.02423037115,0,0.2724058247,6.152860436e-19,0.7032351861,6.152860436e-19,0.7109572934,-0.3022336799,0.004726184645,-0.001364956032,0.2664755631,0.04870663789,-0.004824296653,-0.2731806144,0.00613753705,-0.003196680712,0.1830269896,0.08331615784,-0.006845373684,0.001912556882,0.003777620147,-0.34663379,-0.238658293,0.1516387699,-0.08835902455,0.3121711374,1.208265753,0.08122424197,1.349916768,-0.1990066964,-0.07942615188,-0.008955553109,0.2385123118,-1.636533151,0.143483579,-1.23189459
-0.02327764081,0,0.2694206652,6.476598424e-19,0.704312264,6.476598424e-19,0.7098902977,-0.3014270787,0.00472720783,-0.001361104246,0.2661704241,0.04821145268,-0.004824217969,-0.2723904797,0.006139182672,-0.003191504198,0.1827548812,0.08280511551,-0.006844471708,0.001908558132,0.003779222744,-0.3465705049,-0.2189511391,0.1514630828,-0.09039620514,0.2799066325,1.211071362,0.0860004693,1.338273405,-0.177734488,-0.07894156165,-0.004957023124,0.2048831074,-1.63859262,0.1425254937,-1.219286612
-0.02232334368,0,0.2664247445,6.800321526e-19,0.7053877229,6.800321526e-19,0.7088216704,-0.3005962252,0.004728258876,-0.001357135034,0.2658530049,0.04770447129,-0.004824132716,-0.2715767443,0.006140877564,-0.003186172592,0.182471822,0.0822816279,-0.006843541602,0.001905749708,0.003782316209,-0.3464897746,-0.1993459147,0.1513167006,-0.09246836487,0.2480601514,1.213870071,0.09063943077,1.326927051,-0.1566174026,-0.07848797839,-0.001006596854,0.1717885788,-1.640616824,0.1415532822,-1.207076863
-0.02137133127,0,0.2634296084,7.124028996e-19,0.7064615604,7.124028996e-19,0.7077514137,-0.2997575647,0.004729320123,-0.001353128567,0.2655327024,0.04719262253,-0.004824046308,-0.27075535,0.006142588723,-0.003180790609,0.1821861743,0.08175313253,-0.006842602035,0.001904178475,0.003786937356,-0.3463925329,-0.1798627107,0.1512018032,-0.09457132615,0.2166510302,1.21665434,0.09514258436,1.315877512,-0.1356826018,-0.07806464147,0.002892016623,0.1392581138,-1.642602468,0.1405692595,-1.195267292
-0.02042545509,0,0.2604468029,8.110282868e-19,0.7075337741,8.110282868e-19,0.7066795303,-0.2958960428,0.004734555202,-0.001334871889,0.264325441,0.04455793965,-0.004824059082,-0.2669502712,0.006150604144,-0.003155765087,0.1810888794,0.07906750801,-0.006838275408,0.001901091372,0.003804824706,-0.345981786,-0.1621168721,0.1521311043,-0.09866498624,0.201758648,1.219764191,0.09333659975,1.318359695,-0.1180535247,-0.07897962349,0.004949819635,0.1268714956,-1.643261935,0.1386769308,-1.200791908
-0.01948956664,0,0.2574878739,8.493603132e-19,0.7086043615,8.493603132e-19,0.7056060225,-0.2959728384,0.004734436457,-0.001335227582,0.2643339553,0.04462565779,-0.004824040934,-0.2670266561,0.006150443232,-0.00315626459,0.1810967397,0.07913545522,-0.00683835929,0.001899799397,0.003802605217,-0.3460117884,-0.1431649824,0.1519210275,-0.1003113484,0.1689052974,1.222242347,0.09873310604,1.305487073,-0.09764005608,-0.07833416313,0.008956953619,0.09271259872,-1.645299654,0.1378920074,-1.186732026
-0.01856751742,0,0.2545643673,3.148828558e-19,0.70967332,3.148828558e-19,0.7045308927,-0.2960496341,0.004734317713,-0.001335583276,0.2643424696,0.04469337593,-0.004824022786,-0.267103041,0.006150282319,-0.003156764094,0.1811045999,0.07920340242,-0.006838443171,0.001898507422,0.003800385727,-0.3460417908,-0.1242130927,0.1517109506,-0.1019577106,0.1360519469,1.224720504,0.1041296123,1.292614451,-0.07722658744,-0.07768870277,0.0129640876,0.05855370182,-1.647337373,0.1371070839,-1.172672144
-0.01766315895,0,0.251687829,4.461696744e-19,0.7107406474,4.461696744e-19,0.7034541436,-0.2960609567,0.004734300205,-0.001335635718,0.264343725,0.04470336011,-0.004824020111,-0.267114303,0.006150258595,-0.003156837739,0.1811057588,0.07921342038,-0.006838455538,0.001898316937,0.003800058491,-0.3460462143,-0.1053562501,0.1515397059,-0.1036677478,0.1037644537,1.227207371,0.1093218344,1.280183363,-0.05698148405,-0.07709030992,0.01690351667,0.02511129343,-1.649331352,0.1362966583,-1.159186684
-0.01678034273,0,0.2488698049,5.774554676e-19,0.711806341,5.774554676e-19,0.7023757776,-0.295578153,0.004735046737,-0.001333399523,0.2642901967,0.04427762572,-0.004824134204,-0.2666340817,0.006151270228,-0.003153697431,0.1810563425,0.07878624588,-0.006837928189,0.001906439401,0.00381401211,-0.3458575932,-0.08721672943,0.1516615273,-0.1058583418,0.07574749076,1.229759973,0.1129723214,1.271084542,-0.03800703462,-0.07684713598,0.02033197619,-0.002923770087,-1.650995233,0.135293767,-1.150036399
-0.01592292026,0,0.2461218409,7.087399334e-19,0.7128703985,7.087399334e-19,0.701295797,-0.2950953494,0.004735793268,-0.001331163328,0.2642366685,0.04385189133,-0.004824248297,-0.2661538605,0.006152281861,-0.003150557123,0.1810069261,0.07835907137,-0.006837400839,0.001914561865,0.00382796573,-0.3456689721,-0.06907720876,0.1517833488,-0.1080489359,0.0477305278,1.232312576,0.1166228085,1.261985721,-0.01903258519,-0.07660396204,0.0237604357,-0.0309588336,-1.652659114,0.1342908756,-1.140886113
-0.01509474305,0,0.243455483,8.400227701e-19,0.7139328174,8.400227701e-19,0.7002142045,-0.2946125457,0.004736539799,-0.001328927132,0.2641831403,0.04342615694,-0.00482436239,-0.2656736392,0.006153293493,-0.003147416814,0.1809575097,0.07793189687,-0.00683687349,0.001922684329,0.003841919349,-0.3454803509,-0.05093768808,0.1519051703,-0.1102395299,0.01971356483,1.234865179,0.1202732955,1.2528869,-5.813575172e-05,-0.07636078811,0.02718889521,-0.05899389712,-1.654322995,0.1332879843,-1.131735827
-0.01429966261,0,0.240882277,0,0.7149935953,0,0.6991310025,-0.2941297421,0.004737286331,-0.001326690937,0.2641296121,0.04300042254,-0.004824476483,-0.265193418,0.006154305126,-0.003144276506,0.1809080934,0.07750472236,-0.006836346141,0.001930806794,0.003855872969,-0.3452917298,-0.0327981674,0.1520269917,-0.1124301239,-0.008303398131,1.237417782,0.1239237826,1.243788079,0.01891631368,-0.07611761417,0.03061735473,-0.08702896064,-1.655986876,0.132285093,-1.122585542
-0.01352087371,0,0.2383489138,1.131137775e-18,0.7162828949,1.131137775e-18,0.6978100132,-0.2942928017,0.004737309323,-0.00132758692,0.2644144251,0.04287750586,-0.004824763109,-0.265340933,0.006154016832,-0.003145256855,0.1811599254,0.07739852772,-0.006836545586,0.001933777732,0.003856962275,-0.3452992845,-0.0148514309,0.1525696905,-0.1144594378,-0.02849107897,1.239498486,0.1240987582,1.241314331,0.03733445342,-0.0766849211,0.03352355546,-0.1065619485,-1.656486836,0.1312937098,-1.121250334
-0.01273910792,0,0.2357951042,1.29096802e-18,0.7175697539,1.29096802e-18,0.6964866462,-0.2944558613,0.004737332315,-0.001328482904,0.2646992381,0.04275458917,-0.004825049735,-0.2654884481,0.006153728537,-0.003146237205,0.1814117575,0.07729233308,-0.006836745031,0.001936748671,0.003858051582,-0.3453068391,0.003095305597,0.1531123893,-0.1164887517,-0.04867875981,1.24157919,0.1242737337,1.238840583,0.05575259316,-0.07725222804,0.0364297562,-0.1260949363,-1.656986795,0.1303023266,-1.119915126
-0.01195452192,0,0.2332219243,1.450793867e-18,0.7188541679,1.450793867e-18,0.695160906,-0.2946189209,0.004737355307,-0.001329378887,0.2649840511,0.04263167249,-0.00482533636,-0.2656359631,0.006153440243,-0.003147217554,0.1816635895,0.07718613844,-0.006836944477,0.001939719609,0.003859140888,-0.3453143938,0.02104204209,0.1536550881,-0.1185180656,-0.06886644065,1.243659894,0.1244487093,1.236366836,0.0741707329,-0.07781953497,0.03933595693,-0.1456279241,-1.657486755,0.1293109433,-1.118579919
-0.01116727238,0,0.2306304503,1.61061477e-18,0.7201361326,1.61061477e-18,0.6938327973,-0.2947819805,0.004737378299,-0.001330274871,0.2652688641,0.04250875581,-0.004825622986,-0.2657834781,0.006153151948,-0.003148197903,0.1819154216,0.0770799438,-0.006837143922,0.001942690547,0.003860230194,-0.3453219485,0.03898877859,0.1541977869,-0.1205473795,-0.08905412148,1.245740599,0.1246236848,1.233893088,0.09258887264,-0.0783868419,0.04224215766,-0.1651609119,-1.657986714,0.1283195601,-1.117244711
-0.01037751598,0,0.2280217583,1.770430185e-18,0.7214156435,1.770430185e-18,0.6925023244,-0.29494504,0.004737401291,-0.001331170854,0.2655536772,0.04238583912,-0.004825909612,-0.2659309932,0.006152863653,-0.003149178253,0.1821672537,0.07697374916,-0.006837343367,0.001945661486,0.003861319501,-0.3453295032,0.05693551509,0.1547404857,-0.1225766933,-0.1092418023,1.247821303,0.1247986604,1.23141934,0.1110070124,-0.07895414884,0.0451483584,-0.1846938997,-1.658486673,0.1273281769,-1.115909503
-0.009585409403,0,0.2253969244,1.930239568e-18,0.7226926964,1.930239568e-18,0.691169492,-0.2951080996,0.004737424283,-0.001332066838,0.2658384902,0.04226292244,-0.004826196238,-0.2660785082,0.006152575359,-0.003150158602,0.1824190857,0.07686755452,-0.006837542813,0.001948632424,0.003862408807,-0.3453370578,0.07488225159,0.1552831845,-0.1246060072,-0.1294294832,1.249902007,0.124973636,1.228945592,0.1294251521,-0.07952145577,0.04805455913,-0.2042268876,-1.658986633,0.1263367937,-1.114574296
-0.008791109328,0,0.2227570248,2.090042373e-18,0.7239672868,2.090042373e-18,0.6898343045,-0.2952711592,0.004737447275,-0.001332962822,0.2661233032,0.04214000575,-0.004826482864,-0.2662260233,0.006152287064,-0.003151138951,0.1826709178,0.07676135988,-0.006837742258,0.001951603363,0.003863498113,-0.3453446125,0.09282898809,0.1558258833,-0.1266353211,-0.149617164,1.251982711,0.1251486115,1.226471844,0.1478432919,-0.0800887627,0.05096075987,-0.2237598754,-1.659486592,0.1253454105,-1.113239088
-0.007994772432,0,0.2201031356,2.249838058e-18,0.7252394104,2.249838058e-18,0.6884967666,-0.2976140959,0.004735135267,-0.001344497653,0.2687017342,0.0418942219,-0.004827474856,-0.2685444594,0.006146975368,-0.003166210202,0.1851998092,0.07653672078,-0.006839934103,0.002095555255,0.003958110737,-0.3454574848,0.1050323972,0.1544844665,-0.1276505636,-0.1815568443,1.255925502,0.1303687204,1.215242193,0.1544444252,-0.07864268486,0.05337495677,-0.2472228718,-1.661277365,0.1267725842,-1.107519515
-0.007196555392,0,0.2174363328,2.409626076e-18,0.7265090629,2.409626076e-18,0.6871568827,-0.2979518181,0.004735088712,-0.001346308171,0.2693341027,0.04159802117,-0.004827959009,-0.2688628791,0.006146274595,-0.003168298852,0.185791124,0.07626100242,-0.006840282099,0.002118216747,0.003971751178,-0.3454513851,0.1227057939,0.1548693039,-0.1296296714,-0.2025729887,1.258165768,0.1307044652,1.212680017,0.1714762582,-0.07896679199,0.05614511221,-0.2662559223,-1.661870931,0.1260443409,-1.106744506
-0.006396614889,0,0.2147576927,2.569405885e-18,0.72777624,2.569405885e-18,0.6858146575,-0.2982620938,0.004735074958,-0.001347986809,0.269954448,0.04128660163,-0.004828438468,-0.2691546429,0.006145628986,-0.003170212613,0.1863720269,0.07596927451,-0.006840599493,0.002140736617,0.003985118564,-0.3454411158,0.1404711091,0.1552766764,-0.1316251125,-0.223410544,1.260381305,0.1309316879,1.210370373,0.1885367543,-0.07929248644,0.05890205216,-0.285069033,-1.66244728,0.1253077415,-1.106221975
-0.005595107599,0,0.2120682913,2.729176938e-18,0.7290409373,2.729176938e-18,0.6844700955,-0.2985434801,0.004735089125,-0.001349523184,0.2705555886,0.04096571078,-0.004828905066,-0.2694186775,0.006145040318,-0.003171944067,0.1869361279,0.07566688038,-0.006840884134,0.00216297421,0.003998079448,-0.3454272766,0.1583265403,0.1557083088,-0.1336364996,-0.2440597418,1.26256949,0.1310496373,1.208321204,0.2056286744,-0.0796199403,0.0616466893,-0.3036621918,-1.663005619,0.1245629224,-1.105954045
-0.004792190203,0,0.2093692048,2.888938692e-18,0.7303031506,2.888938692e-18,0.6831232013,-0.2987946325,0.004735126371,-0.001350907458,0.2711305208,0.04064101587,-0.004829350828,-0.2696539928,0.006144510214,-0.003173486352,0.187477183,0.07535909969,-0.006841133994,0.002184800834,0.004010502833,-0.345410492,0.1762703606,0.1561659761,-0.1356633629,-0.2645111964,1.264727669,0.1310577331,1.206540181,0.2227548588,-0.07994942238,0.06437989306,-0.3220353415,-1.663545093,0.1238100353,-1.105942939
-0.003988019378,0,0.2066615093,3.048690603e-18,0.7315628755,3.048690603e-18,0.6817739795,-0.2990143056,0.004735181889,-0.001352130343,0.2716724197,0.04031810309,-0.004829767973,-0.2698596824,0.006144040144,-0.003174833164,0.1879890944,0.07505114753,-0.006841347164,0.002206098835,0.004022260276,-0.3453914118,0.1943009108,0.1566515015,-0.1377051426,-0.2847558971,1.266853144,0.1309555665,1.205034697,0.2399182283,-0.08028129907,0.06710248539,-0.3401883786,-1.664064784,0.1230492491,-1.106190986
-0.003182751804,0,0.2039462809,3.208432126e-18,0.7328201077,3.208432126e-18,0.6804224347,-0.2992013527,0.004735250907,-0.001353183099,0.2721746408,0.04000247679,-0.004830148917,-0.2700349235,0.006143631423,-0.003175978761,0.188465913,0.07474817338,-0.006841521859,0.002226760691,0.004033225975,-0.345370713,0.2124165896,0.1571667552,-0.1397611839,-0.3047852008,1.268943182,0.1307429002,1.203811868,0.2571217843,-0.08061603508,0.06981523653,-0.3581211515,-1.664563703,0.1222807528,-1.106700619
-0.002376544157,0,0.2012245958,3.368162717e-18,0.734074843,3.368162717e-18,0.6790685715,-0.2993547267,0.004735328693,-0.001354057536,0.2726307205,0.03969955863,-0.004830486272,-0.2701789781,0.006143285207,-0.003176917964,0.1889018388,0.07445526016,-0.006841656413,0.002246688139,0.004043276857,-0.3453491007,0.2306158446,0.1577136518,-0.1418307302,-0.3245908245,1.270995002,0.1304196699,1.202878522,0.2743686094,-0.08095419429,0.07251886063,-0.375833459,-1.665040791,0.1215047576,-1.107474381
-0.001569553118,0,0.19849753,3.527881832e-18,0.7353270771,3.527881832e-18,0.6777123945,-0.2994734798,0.004735410545,-0.001354746019,0.2730343772,0.03941468685,-0.004830772845,-0.2702911927,0.006143002498,-0.003177646159,0.189291223,0.07417742325,-0.006841749286,0.002265791326,0.004052292657,-0.3453273102,0.2488971611,0.1582941475,-0.1439129177,-0.3441648387,1.273005784,0.1299859863,1.202241203,0.2916618682,-0.08129644055,0.07521401134,-0.3933250491,-1.665494912,0.1207214998,-1.108514925
-0.0007619353653,0,0.1957661598,3.687588926e-18,0.7365768057,3.687588926e-18,0.6763539083,-0.2995567641,0.004735491801,-0.001355241465,0.2733795124,0.03915311545,-0.004831001641,-0.2703709989,0.006142784134,-0.003178159301,0.1896285687,0.07391960954,-0.006841799058,0.00228398797,0.004060155993,-0.3453061082,0.2672590517,0.1589102371,-0.1460067699,-0.3634996606,1.274972657,0.1294421381,1.201906155,0.3090048071,-0.08164353847,0.07790127731,-0.4105956175,-1.665924852,0.1199312442,-1.109825013
4.615242367e-05,0,0.1930315612,3.847283455e-18,0.7378240246,3.847283455e-18,0.6749931176,-0.2996038313,0.004735567831,-0.001355537347,0.2736602117,0.03892001342,-0.004831165864,-0.2704179138,0.006142630795,-0.003178453916,0.1899085328,0.07368669649,-0.006841804431,0.002301202537,0.004066752451,-0.3452862954,0.2857000441,0.1595639505,-0.1481111929,-0.3825880476,1.276892709,0.1287885954,1.201879323,0.3264007544,-0.08199635425,0.08058117758,-0.4276448068,-1.666329313,0.1191342875,-1.111407519
0.0008545535697,0,0.1902948103,4.006964875e-18,0.7390687294,4.006964875e-18,0.673630027,-0.2996140335,0.004735634043,-0.001355627694,0.2738707457,0.038720464,-0.004831258914,-0.2704315402,0.006142543,-0.0031785271,0.190125927,0.07348349115,-0.006841764234,0.002317365424,0.004071970667,-0.3452687086,0.304218668,0.1602573482,-0.1502249703,-0.4014230915,1.278762976,0.1280260146,1.202166336,0.3438531197,-0.08235585644,0.08325415692,-0.444472205,-1.666706912,0.1183309618,-1.113265427
0.001663111394,0,0.1875569833,4.166632643e-18,0.740310916,4.166632643e-18,0.672264641,-0.2995868229,0.004735685876,-0.001355507092,0.2740055707,0.03855946388,-0.004831274393,-0.2704115672,0.006142521103,-0.003178376525,0.1902757189,0.07331472921,-0.006841677415,0.002332412135,0.004075702421,-0.3452542229,0.3228134412,0.1609925169,-0.1523467588,-0.4199982127,1.280580451,0.127155244,1.202772505,0.3613653933,-0.08272311668,0.08592058109,-0.4610773449,-1.667056174,0.1175216386,-1.115401828
0.002471669219,0,0.1848191563,4.326286213e-18,0.7415505802,4.326286213e-18,0.6708969645,-0.2993267434,0.00473590772,-0.001354206869,0.2736809245,0.0386251384,-0.004831119264,-0.2701551998,0.006143109502,-0.003176708445,0.1899587391,0.07337696408,-0.006841430017,0.002314572108,0.004069048159,-0.3452608271,0.341751422,0.1619102531,-0.1544143447,-0.4372683299,1.282136172,0.125569351,1.205752234,0.3778602189,-0.08292148295,0.08830223852,-0.474984425,-1.667138471,0.1168632463,-1.120467269
0.003280070365,0,0.1820824054,4.485925042e-18,0.7427877177,4.485925042e-18,0.6695270021,-0.2989025658,0.004736227035,-0.001352064296,0.2730257134,0.03885742084,-0.004830818059,-0.2697343205,0.006144113891,-0.003173980941,0.1893104552,0.0736065725,-0.006841061622,0.002275350595,0.004054726937,-0.3452751911,0.3609445548,0.1629567527,-0.156440228,-0.4536032252,1.283509956,0.1234757776,1.21038762,0.3937344048,-0.08301602423,0.0905006204,-0.4870925474,-1.66703663,0.1163017413,-1.12751948
0.004088158154,0,0.1793478068,4.645548587e-18,0.7440223242,4.645548587e-18,0.6681547583,-0.2984398577,0.0047365167,-0.001349697463,0.2722790881,0.03914284985,-0.004830420689,-0.2692797732,0.006145182,-0.003171028217,0.1885811209,0.07388405646,-0.006840644632,0.00223525808,0.00403823917,-0.3452850427,0.3802163177,0.1640427317,-0.1584604328,-0.4696654469,1.284836366,0.1212658707,1.215361991,0.4096877357,-0.08312262971,0.0926955527,-0.4990008484,-1.666902004,0.1157363972,-1.134851715
0.004895775907,0,0.1766164365,4.805156303e-18,0.7452543957,4.805156303e-18,0.666780238,-0.296206238,0.004737579124,-0.001338100914,0.2677565871,0.04143512982,-0.004828126543,-0.2670719605,0.006150633815,-0.003156760846,0.1841150697,0.0761523779,-0.006838885993,0.001968640456,0.003869744831,-0.3453879354,0.4021201925,0.1667697071,-0.1607572542,-0.4777230439,1.284708614,0.1181893654,1.21832304,0.4429620596,-0.08641285462,0.09665324557,-0.519591133,-1.665700798,0.1119179253,-1.132463555
0.005702766946,0,0.1738893708,4.964747646e-18,0.7464839278,4.964747646e-18,0.6654034457,-0.2958601553,0.004737530325,-0.001336199251,0.2671520912,0.04169601194,-0.0048275182,-0.2667588701,0.0061512457,-0.003154680122,0.1835805736,0.07637776864,-0.006838462685,0.001962334845,0.003867432854,-0.3453719012,0.421230122,0.1677885677,-0.1626822405,-0.4937297069,1.286055908,0.1156109857,1.225246701,0.456394028,-0.08605992375,0.09853033607,-0.5290823971,-1.665567396,0.1118761331,-1.142748125
0.006508974592,0,0.1711676856,5.124322072e-18,0.7477109165,5.124322072e-18,0.6640243862,-0.2955140727,0.004737481526,-0.001334297588,0.2665475954,0.04195689406,-0.004826909857,-0.2664457797,0.006151857585,-0.003152599399,0.1830460776,0.07660315939,-0.006838039376,0.001956029235,0.003865120877,-0.3453558669,0.4403400515,0.1688074284,-0.1646072269,-0.5097363699,1.287403202,0.113032606,1.232170361,0.4698259963,-0.08570699289,0.1004074266,-0.5385736611,-1.665433994,0.1118343409,-1.153032696
0.007314242167,0,0.1684524573,5.283879039e-18,0.7489353574,5.283879039e-18,0.6626430641,-0.29516799,0.004737432727,-0.001332395925,0.2659430996,0.04221777618,-0.004826301513,-0.2661326892,0.006152469471,-0.003150518676,0.1825115815,0.07682855013,-0.006837616067,0.001949723625,0.0038628089,-0.3453398326,0.459449981,0.169826289,-0.1665322133,-0.5257430329,1.288750497,0.1104542262,1.239094022,0.4832579647,-0.08535406202,0.1022845171,-0.5480649252,-1.665300593,0.1117925487,-1.163317266
0.008118412992,0,0.1657447617,5.443418002e-18,0.7501572465,5.443418002e-18,0.6612594842,-0.2948219074,0.004737383929,-0.001330494262,0.2653386037,0.0424786583,-0.00482569317,-0.2658195988,0.006153081356,-0.003148437953,0.1819770855,0.07705394088,-0.006837192758,0.001943418014,0.003860496923,-0.3453237983,0.4785599104,0.1708451496,-0.1684571997,-0.5417496959,1.290097791,0.1078758465,1.246017682,0.496689933,-0.08500113116,0.1041616076,-0.5575561892,-1.665167191,0.1117507564,-1.173601836
0.008921330388,0,0.1630456752,5.602938417e-18,0.7513765796,5.602938417e-18,0.6598736512,-0.2944758247,0.00473733513,-0.0013285926,0.2647341079,0.04273954042,-0.004825084826,-0.2655065084,0.006153693241,-0.003146357229,0.1814425894,0.07727933162,-0.00683676945,0.001937112404,0.003858184946,-0.3453077641,0.4976698399,0.1718640103,-0.1703821861,-0.5577563589,1.291445086,0.1052974667,1.252941343,0.5101219013,-0.08464820029,0.1060386981,-0.5670474532,-1.66503379,0.1117089642,-1.183886407
0.009722837677,0,0.1603562739,0,0.7525933525,0,0.6584855699,-0.2941297421,0.004737286331,-0.001326690937,0.2641296121,0.04300042254,-0.004824476483,-0.265193418,0.006154305126,-0.003144276506,0.1809080934,0.07750472236,-0.006836346141,0.001930806794,0.003855872969,-0.3452917298,0.5167797694,0.1728828709,-0.1723071725,-0.5737630219,1.29279238,0.102719087,1.259865003,0.5235538697,-0.08429526943,0.1079157886,-0.5765387173,-1.664900388,0.111667172,-1.194170977
